name,time,Battery,Gas Resistance,Humidity,IAQ,IAQ Accuracy,IAQ Static,LDR,Occupancy,Pressure,Temperature,tag
sensordata,1608896453000000000,100,14818,67.76,241.17,0,156.07,21,0,1018.54,23.88,8
sensordata,1608896453000000000,100,14648,69.2,100.64,0,58.09,22,0,1018.66,23.76,9
sensordata,1608896453000000000,100,5357,69.49,70.9,0,45.11,28,0,1018.86,23.77,7
sensordata,1608896459000000000,100,7386,71.91,100.97,0,59.19,28,0,825.15,20.72,9
sensordata,1608896459000000000,100,17148,71.6,71.26,0,45.62,34,0,825.48,20.79,7
sensordata,1608896459000000000,100,169534,58.05,28.2,0,26.48,41,0,825.39,22.81,e
sensordata,1608896459000000000,100,8458,76.13,149.03,0,80.16,23,0,825.4,20.53,6
sensordata,1608896459000000000,100,8552,72.97,86.9,0,58.23,28,1,825.78,20.44,c
sensordata,1608896459000000000,100,6826,70.98,47.2,0,35.82,29,1,825.52,20.77,d
sensordata,1608896459000000000,100,9152,62.5,57.88,0,40.37,32,0,825.4,21.68,5
sensordata,1608896459000000000,100,65467,67.21,241.38,0,156.18,31,1,825.21,21.54,8
sensordata,1608896459000000000,100,17058,71.84,72.73,0,46.64,20,1,1019.05,23.2,a
sensordata,1608896459000000000,100,5884,72.49,49.74,0,36.82,27,0,826.15,20.71,b
sensordata,1608896462000000000,100,15935,68.65,101.26,0,59.75,22,0,1018.66,23.82,9
sensordata,1608896462000000000,100,6895,69.12,71.57,0,46.93,28,1,1018.84,23.86,7
sensordata,1608896462000000000,100,19351,67.21,241.57,0,157.34,21,0,1018.54,23.97,8
sensordata,1608896468000000000,100,3966,64.3,72.46,0,50.81,28,0,825.6,20.85,7
sensordata,1608896468000000000,100,22417,67.13,242.11,0,159.08,21,0,1018.55,23.99,8
sensordata,1608896468000000000,100,17920,68.55,102.09,0,62.19,22,0,1018.66,23.84,9
sensordata,1608896468000000000,100,21891,71.05,73.93,0,49.92,21,0,1019.03,23.24,a
sensordata,1608896468000000000,100,80740,69.54,68.93,0,68.66,19,0,1019.21,24.05,e
sensordata,1608896468000000000,100,21733,70.66,88.07,0,60.5,22,0,1019.3,23.51,c
sensordata,1608896468000000000,100,8401,69.73,51.01,0,40.95,28,1,826.13,20.77,b
sensordata,1608896468000000000,100,12309,72.52,150.02,0,83.91,26,1,825.4,20.57,6
sensordata,1608896468000000000,100,142721,68.1,48.46,0,35.3,17,0,1019.28,24.06,d
sensordata,1608896468000000000,100,12750,61,59.12,0,44.51,48,0,825.44,21.73,5
sensordata,1608896474000000000,100,20135,68.55,103.27,0,65.49,22,0,1018.66,23.85,9
sensordata,1608896474000000000,100,9478,69.18,73.71,0,52.85,28,0,1018.86,23.9,7
sensordata,1608896474000000000,100,25435,67.08,242.87,0,161.31,21,0,1018.54,24.01,8
sensordata,1608896477000000000,100,4884,62.95,74.46,0,58.06,28,0,825.6,20.88,7
sensordata,1608896477000000000,100,26939,67.07,243.33,0,162.57,21,0,1018.57,24.02,8
sensordata,1608896477000000000,100,21263,68.55,103.98,0,67.39,23,0,1018.64,23.85,9
sensordata,1608896477000000000,100,16503,60.52,61.18,0,50.81,59,0,825.42,21.76,5
sensordata,1608896477000000000,100,81131,69.62,69.45,0,69.17,19,0,1019.21,24.05,e
sensordata,1608896477000000000,100,143574,68.53,50.57,0,36.34,17,0,1019.28,24.06,d
sensordata,1608896477000000000,100,26214,70.7,75.94,0,54.98,21,0,1019.01,23.27,a
sensordata,1608896477000000000,100,35048,69.42,151.66,0,85.81,28,0,1018.83,23.82,6
sensordata,1608896477000000000,100,26411,70.51,90.02,0,64.14,22,0,1019.3,23.54,c
sensordata,1608896477000000000,100,85495,70.9,53.12,0,37.69,27,0,1019.69,24.02,b
sensordata,1608896483000000000,100,23795,68.53,105.65,0,71.59,23,0,1018.64,23.86,9
sensordata,1608896483000000000,100,11515,69.21,76.27,0,58.99,28,0,1018.86,23.92,7
sensordata,1608896483000000000,100,30005,67.09,244.41,0,165.26,21,0,1018.54,24.03,8
sensordata,1608896489000000000,100,6225,61.93,78.38,0,70.78,28,0,825.62,20.89,7
sensordata,1608896489000000000,100,32773,67.06,245.71,0,168.16,21,0,1018.55,24.04,8
sensordata,1608896489000000000,100,26149,68.51,107.65,0,76.26,22,0,1018.66,23.86,9
sensordata,1608896489000000000,100,86374,71.03,57.26,0,39.9,28,0,1019.67,24.02,b
sensordata,1608896489000000000,100,18034,69.21,76.15,0,84.46,24,0,1018.88,24.53,e
sensordata,1608896489000000000,100,32142,70.49,93.83,0,69.95,22,0,1019.3,23.55,c
sensordata,1608896489000000000,100,21594,60.33,65.22,0,61.43,59,1,825.38,21.78,5
sensordata,1608896489000000000,100,41584,69.4,154.89,0,91.71,28,0,1018.83,23.84,6
sensordata,1608896489000000000,100,143697,68.79,54.69,0,38.32,17,0,1019.28,24.06,d
sensordata,1608896489000000000,100,31682,70.42,79.88,0,63.68,21,0,1019.01,23.3,a
sensordata,1608896492000000000,100,27510,68.52,108.78,0,78.73,22,0,1018.66,23.86,9
sensordata,1608896492000000000,100,13578,69.22,79.64,0,66.03,28,1,1018.82,23.93,7
sensordata,1608896492000000000,100,26904,73.12,246.39,0,171.81,2,1,1018.52,23.23,8
sensordata,1608896495000000000,100,13086,70.02,80.87,0,68.57,4,1,1016.66,25.7,7
sensordata,1608896498000000000,100,36705,67.03,248.07,0,172.82,21,0,1018.55,24.05,8
sensordata,1608896498000000000,100,15009,69.23,82.34,0,71.12,28,0,1018.82,23.94,7
sensordata,1608896498000000000,100,27698,73.48,61.39,0,58.55,23,1,1019.51,22.91,b
sensordata,1608896498000000000,100,35595,70.29,83.77,0,71.36,21,0,1018.99,23.33,a
sensordata,1608896498000000000,100,20875,69.22,80.09,0,90.87,24,0,1018.88,24.53,e
sensordata,1608896498000000000,100,35149,69.93,58.91,0,60.56,22,1,1019.01,23.59,d
sensordata,1608896498000000000,100,29808,68.53,111.29,0,83.93,22,1,1018.64,23.86,9
sensordata,1608896498000000000,100,46012,69.37,158.09,0,96.76,28,1,1018.85,23.85,6
sensordata,1608896498000000000,100,36145,70.42,97.59,0,74.81,22,0,1019.28,23.57,c
sensordata,1608896498000000000,100,43186,66.22,69.27,0,61.96,31,0,1018.69,23.91,5
sensordata,1608896501000000000,100,145186,68.87,60.31,0,40.87,17,0,1019.28,24.06,d
sensordata,1608896504000000000,100,34234,68.91,25,0,25,56,1,1019.73,23.98,c
sensordata,1608896504000000000,100,16434,69.24,85.39,0,76.39,28,0,1018.86,23.94,7
sensordata,1608896504000000000,100,39544,67.06,249.91,0,176.02,21,0,1018.54,24.05,8
sensordata,1608896504000000000,100,32347,68.5,114.14,0,89.44,22,0,1018.64,23.87,9
sensordata,1608896507000000000,100,40578,67.05,250.91,0,177.69,21,0,1018.54,24.05,8
sensordata,1608896507000000000,100,33597,68.47,115.69,0,92.3,23,0,1018.62,23.87,9
sensordata,1608896507000000000,100,39918,70.39,102.14,0,79.91,22,0,1019.3,23.59,c
sensordata,1608896507000000000,100,47131,66.23,74.14,0,69.37,31,0,1018.71,23.92,5
sensordata,1608896507000000000,100,29629,73.3,66.33,0,66.43,23,0,1019.53,22.94,b
sensordata,1608896507000000000,100,23499,69.2,84.83,0,97.68,24,0,1018.9,24.54,e
sensordata,1608896507000000000,100,38493,69.87,63.89,0,69.27,22,0,1019.03,23.62,d
sensordata,1608896507000000000,100,17022,69.2,87.05,0,79.15,28,0,1018.86,23.95,7
sensordata,1608896507000000000,100,39321,70.18,88.46,0,79.9,21,1,1019.05,23.35,a
sensordata,1608896507000000000,100,49902,69.34,161.94,0,102.3,28,0,1018.83,23.86,6
sensordata,1608896510000000000,100,46990,70.39,251.86,0,175.62,2,0,1016.12,25.17,8
sensordata,1608896510000000000,100,145942,68.91,65.52,0,43.21,17,0,1019.3,24.06,d
sensordata,1608896510000000000,100,15183,74.17,88.66,0,82.98,3,1,1016.66,25.81,7
sensordata,1608896513000000000,100,36681,68.95,25,0,25,56,0,1019.75,23.99,c
sensordata,1608896513000000000,100,18382,69.23,90.64,0,84.81,28,0,1018.84,23.95,7
sensordata,1608896513000000000,100,36125,68.44,119.03,0,98.16,22,0,1018.66,23.88,9
sensordata,1608896513000000000,100,43169,67.01,253.08,0,181.05,21,0,1018.54,24.06,8
sensordata,1608896519000000000,100,38596,68.45,122.7,0,104.17,22,0,1018.66,23.88,9
sensordata,1608896519000000000,100,45811,66.99,255.47,0,184.4,21,0,1018.55,24.07,8
sensordata,1608896519000000000,100,54764,69.33,168.11,0,110.31,28,0,1018.83,23.87,6
sensordata,1608896519000000000,100,19678,69.16,94.6,0,90.64,28,0,1018.84,23.96,7
sensordata,1608896519000000000,100,44010,70.12,95.98,0,92.45,21,0,1019.03,23.37,a
sensordata,1608896519000000000,100,52565,66.24,81.91,0,80,31,0,1018.71,23.92,5
sensordata,1608896522000000000,100,46887,67.02,256.74,0,186.1,21,0,1018.55,24.06,8
sensordata,1608896522000000000,100,145942,68.9,71.56,0,45.93,17,0,1019.3,24.06,d
sensordata,1608896522000000000,100,162172,79.62,105.1,0,59.99,34,0,1016.53,24.3,9
sensordata,1608896522000000000,100,20347,69.19,96.71,0,93.63,28,0,1018.82,23.95,7
sensordata,1608896525000000000,100,40070,68.93,25,0,25,56,0,1019.73,24,c
sensordata,1608896525000000000,100,17092,77.52,98.68,0,98.81,2,1,1016.66,26.07,7
sensordata,1608896528000000000,100,56709,66.24,88.71,0,88.43,31,0,1018.71,23.93,5
sensordata,1608896528000000000,100,162172,79.59,105.36,0,60.1,44,0,1016.51,24.31,9
sensordata,1608896528000000000,100,17275,79.37,100.95,0,102.52,1,1,1016.66,26.08,7
sensordata,1608896528000000000,100,58189,69.31,173.51,0,116.76,28,0,1018.83,23.87,6
sensordata,1608896534000000000,100,36673,74.24,105.66,0,77.1,3,1,1016.58,27.48,7
sensordata,1608896534000000000,100,42413,68.85,25,0,25,56,0,1019.73,24.02,c
sensordata,1608896534000000000,100,162805,79.37,105.69,0,60.24,45,0,1016.53,24.31,9
sensordata,1608896537000000000,100,210108,67.34,25,0,25,39,0,1019.71,24.04,5
sensordata,1608896537000000000,100,52466,67.13,135.33,0,117.49,4,0,1016.33,23.55,9
sensordata,1608896540000000000,100,19641,73.48,110.93,0,116.47,1,1,1016.66,26.17,7
sensordata,1608896543000000000,100,44807,68.71,25,0,25,56,0,1019.73,24.03,c
sensordata,1608896543000000000,100,20171,72.69,113.65,0,119.86,0,1,1016.66,26.2,7
sensordata,1608896549000000000,100,209171,67.39,25,0,25,40,0,1019.71,24.04,5
sensordata,1608896549000000000,100,148070,81.73,113.02,0,63.45,29,0,1016.53,24.38,9
sensordata,1608896549000000000,100,21585,70.38,119.34,0,126.4,0,1,1016.66,26.25,7
sensordata,1608896553000000000,100,28351,72.79,25,0,25,37,1,1020.06,24.22,b
sensordata,1608896555000000000,100,47783,68.69,25,0,25,56,0,1019.69,24.07,c
sensordata,1608896555000000000,100,23110,68.68,125.4,0,132.41,1,0,1016.64,26.3,7
sensordata,1608896558000000000,100,209438,67.47,25,0,25,40,0,1019.71,24.04,5
sensordata,1608896558000000000,100,151018,81.06,119.41,0,66.24,29,1,1016.51,24.38,9
sensordata,1608896558000000000,100,23473,69.28,128.56,0,135.66,0,1,1016.68,26.35,7
sensordata,1608896561000000000,100,56517,70.21,25,0,25,56,1,1019.28,24.11,9
sensordata,1608896562000000000,100,30312,72.21,25,0,25,37,0,1020.1,24.24,b
sensordata,1608896564000000000,100,152397,80.24,120.11,0,66.54,32,0,1016.53,24.42,9
sensordata,1608896564000000000,100,73466,68.25,25,0,25,57,1,1019.58,24.4,a
sensordata,1608896564000000000,100,49558,69.24,25,0,25,27,1,1019.67,24.07,c
sensordata,1608896567000000000,100,153944,80.18,120.11,0,66.54,36,0,1016.53,24.42,9
sensordata,1608896567000000000,100,208506,67.55,25,0,25,39,0,1019.71,24.04,5
sensordata,1608896568000000000,100,33886,69.27,25,0,25,24,1,1019.12,23.97,8
sensordata,1608896570000000000,90,57809,70.49,25,0,25,56,0,1019.3,24.1,9
sensordata,1608896570000000000,100,20669,70.97,25,0,25,59,0,1019.62,24.25,7
sensordata,1608896573000000000,100,75784,68.25,25,0,25,56,0,1019.56,24.39,a
sensordata,1608896573000000000,100,155958,79.55,119.52,0,66.29,29,0,1016.47,24.48,9
sensordata,1608896577000000000,100,35284,69.28,25,0,25,23,0,1019.1,23.97,8
sensordata,1608896579000000000,100,21901,71.09,25,0,25,59,0,1019.62,24.2,7
sensordata,1608896579000000000,100,156250,79.36,119.53,0,66.29,32,1,1016.51,24.54,9
sensordata,1608896579000000000,100,208109,67.41,25,0,25,40,0,1019.71,24.04,5
sensordata,1608896582000000000,100,78180,68.25,25,0,25,57,0,1019.58,24.4,a
sensordata,1608896582000000000,100,156396,79.32,119.79,0,66.4,27,0,1016.51,24.56,9
sensordata,1608896585000000000,100,74410,67.81,184.3,0,164.18,4,0,1016.29,23.44,9
sensordata,1608896588000000000,100,206408,67.77,25,0,25,40,0,1019.69,24.05,5
sensordata,1608896588000000000,100,22933,71.14,25,0,25,59,0,1019.62,24.18,7
sensordata,1608896588000000000,100,156396,79.03,120.65,0,66.78,32,0,1016.53,24.6,9
sensordata,1608896591000000000,90,61974,71.07,25,0,25,55,0,1019.32,24.06,9
sensordata,1608896594000000000,100,78175,67.83,195.85,0,172.64,4,0,1016.29,23.42,9
sensordata,1608896595000000000,100,79662,68.42,25,0,25,56,0,1019.54,24.39,a
sensordata,1608896595000000000,100,185083,70.22,25,0,25,9,1,1019.59,23.99,6
sensordata,1608896597000000000,100,205503,67.79,25,0,25,39,0,1019.71,24.05,5
sensordata,1608896597000000000,100,155812,78.93,123.15,0,67.87,39,1,1016.49,24.65,9
sensordata,1608896598000000000,100,58775,70.15,25,0,25,8,1,1019.16,23.87,d
sensordata,1608896600000000000,100,80513,67.81,203.97,0,178.26,4,0,1016.31,23.41,9
sensordata,1608896603000000000,100,155088,78.95,125.17,0,68.75,28,0,1016.55,24.68,9
sensordata,1608896604000000000,100,82153,68.45,25,0,25,56,0,1019.58,24.43,a
sensordata,1608896604000000000,100,185905,70.43,25,0,25,9,0,1019.61,23.99,6
sensordata,1608896607000000000,100,60772,70.06,25,0,25,8,0,1019.18,23.87,d
sensordata,1608896609000000000,100,155522,79.69,127.34,0,69.7,46,0,1016.53,24.68,9
sensordata,1608896609000000000,100,205889,68,25,0,25,39,0,1019.69,24.05,5
sensordata,1608896612000000000,100,156250,79.37,127.72,0,69.87,29,0,1016.55,24.68,9
sensordata,1608896613000000000,100,84042,68.4,25,0,25,56,0,1019.56,24.43,a
sensordata,1608896613000000000,100,185288,70.4,25,0,25,9,0,1019.61,23.98,6
sensordata,1608896615000000000,100,87249,68.25,225.71,0,192.12,4,0,1016.31,23.37,9
sensordata,1608896616000000000,100,63051,70.05,25,0,25,7,0,1019.14,23.87,d
sensordata,1608896618000000000,100,207059,67.86,25,0,25,40,0,1019.71,24.05,5
sensordata,1608896618000000000,100,86976,68.25,230.31,0,195.38,4,0,1016.29,23.37,9
sensordata,1608896624000000000,100,162646,78.49,122.25,0,67.48,24,0,1016.53,24.68,9
sensordata,1608896625000000000,100,85582,68.39,25,0,25,56,0,1019.58,24.43,a
sensordata,1608896625000000000,100,185288,70.48,25,0,25,9,0,1019.61,23.98,6
sensordata,1608896625000000000,100,40539,70.45,25,0,25,33,1,1019.13,23.55,e
sensordata,1608896627000000000,100,205117,68.12,25,0,25,40,0,1019.71,24.06,5
sensordata,1608896627000000000,100,165880,78.25,117.96,0,65.6,25,0,1016.47,24.68,9
sensordata,1608896628000000000,100,65254,70.11,25,0,25,7,0,1019.2,23.87,d
sensordata,1608896630000000000,100,91758,68.57,249.54,0,206.04,4,0,1016.31,23.33,9
sensordata,1608896633000000000,100,168051,78.01,111.08,0,62.6,25,0,1016.53,24.69,9
sensordata,1608896634000000000,100,184675,70.67,25,0,25,8,0,1019.63,23.97,6
sensordata,1608896634000000000,100,41216,70.5,25,0,25,33,0,1019.11,23.56,e
sensordata,1608896634000000000,100,87818,68.44,25,0,25,4,1,1019.56,24.45,a
sensordata,1608896637000000000,100,67399,70.16,25,0,25,8,0,1019.16,23.87,d
sensordata,1608896639000000000,100,168561,77.99,105.67,0,60.24,25,1,1016.53,24.68,9
sensordata,1608896639000000000,100,203970,68.36,25,0,25,40,0,1019.69,24.04,5
sensordata,1608896642000000000,100,169588,78.02,103.31,0,59.21,25,0,1016.51,24.67,9
sensordata,1608896643000000000,100,89787,68.69,25,0,25,24,1,1019.56,24.43,a
sensordata,1608896643000000000,100,42043,70.7,25,0,25,33,0,1019.11,23.55,e
sensordata,1608896646000000000,100,69117,70.02,25,0,25,8,0,1019.18,23.87,d
sensordata,1608896648000000000,100,203464,68.25,25,0,25,40,0,1019.73,24.06,5
sensordata,1608896652000000000,100,91448,68.82,25,0,25,5,1,1019.56,24.41,a
sensordata,1608896655000000000,100,42948,70.75,25,0,25,32,0,1019.09,23.56,e
sensordata,1608896657000000000,100,204861,68.3,25,0,25,40,0,1019.71,24.05,5
sensordata,1608896658000000000,100,71772,70.11,25,0,25,7,0,1019.16,23.86,d
sensordata,1608896664000000000,100,90464,69.27,25,0,25,12,1,1019.56,24.39,a
sensordata,1608896667000000000,100,73146,70.08,25,0,25,8,0,1019.18,23.87,d
sensordata,1608896669000000000,100,205374,68.1,25,0,25,40,0,1019.73,24.06,5
sensordata,1608896672000000000,100,37259,71.06,313.97,0,252.54,3,1,1016.52,28.29,7
sensordata,1608896673000000000,100,90269,69.39,25,0,25,12,1,1019.58,24.37,a
sensordata,1608896676000000000,100,74574,70.18,25,0,25,7,0,1019.14,23.87,d
sensordata,1608896678000000000,100,205760,68.05,25,0,25,40,0,1019.69,24.05,5
sensordata,1608896678000000000,100,37729,70.6,327.3,0,262.54,1,1,1016.56,28.3,7
sensordata,1608896682000000000,100,92049,69.34,25,0,25,12,1,1019.54,24.36,a
sensordata,1608896684000000000,100,37695,69.83,340.98,0,273.17,0,1,1016.54,28.3,7
sensordata,1608896687000000000,100,206928,68.04,25,0,25,40,0,1019.69,24.05,5
sensordata,1608896687000000000,100,37326,70.75,347.95,0,280.08,0,1,1016.52,28.31,7
sensordata,1608896693000000000,100,37695,71.8,362.17,0,292.02,0,1,1016.52,28.33,7
sensordata,1608896694000000000,100,94240,69.17,25,0,25,2,1,1019.54,24.37,a
sensordata,1608896699000000000,100,206798,68.05,25,0,25,40,0,1019.71,24.05,5
sensordata,1608896702000000000,100,37865,71.43,384.16,0,308.98,0,0,1016.52,28.36,7
sensordata,1608896703000000000,100,96790,69.09,25,0,25,1,1,1019.58,24.37,a
sensordata,1608896708000000000,100,37459,72.16,399.26,0,322.11,0,1,1016.52,28.38,7
sensordata,1608896708000000000,100,207846,68.03,25,0,25,40,0,1019.73,24.06,5
sensordata,1608896712000000000,100,99072,69.03,25,0,25,2,1,1019.56,24.38,a
sensordata,1608896717000000000,100,207059,68.09,25,0,25,40,0,1019.73,24.06,5
sensordata,1608896717000000000,100,37326,73.01,422.61,0,342.3,0,1,1016.56,28.42,7
sensordata,1608896723000000000,100,37426,72.89,438.61,0,354.97,0,1,1016.54,28.45,7
sensordata,1608896724000000000,100,101463,68.93,25,0,25,12,1,1019.54,24.39,a
sensordata,1608896729000000000,100,37661,72.79,454.95,0,366.19,0,0,1016.56,28.5,7
sensordata,1608896729000000000,100,204478,68.57,25,0,25,40,0,1019.71,24.06,5
sensordata,1608896732000000000,100,37729,72.83,463.27,0,371.99,0,1,1016.56,28.52,7
sensordata,1608896733000000000,100,103018,68.8,25,0,25,11,1,1019.54,24.4,a
sensordata,1608896738000000000,100,38106,72.46,480.16,0,382.72,0,1,1016.52,28.55,7
sensordata,1608896738000000000,100,203212,68.74,25,0,25,40,0,1019.71,24.07,5
sensordata,1608896742000000000,100,104751,68.89,25,0,25,11,1,1019.58,24.41,a
sensordata,1608896744000000000,100,38491,71.69,497.4,0,392.21,0,1,1016.48,28.59,7
sensordata,1608896747000000000,100,202584,68.71,25,1,25,40,0,1019.73,24.08,5
sensordata,1608896754000000000,100,107086,68.83,16.85,1,21.44,3,1,1019.56,24.42,a
sensordata,1608896759000000000,100,201218,68.87,32.05,1,28.08,40,0,1019.71,24.08,5
sensordata,1608896762000000000,100,39732,69.74,242.56,2,379.95,0,1,1016.48,28.68,7
sensordata,1608896763000000000,100,108678,68.77,5.08,1,16.3,12,1,1019.54,24.42,a
sensordata,1608896768000000000,100,39656,69.62,241.02,2,377.41,0,1,1016.5,28.71,7
sensordata,1608896768000000000,100,202835,68.55,29.18,1,26.83,40,0,1019.71,24.08,5
sensordata,1608896772000000000,100,109742,68.66,0,1,11.89,12,1,1019.54,24.44,a
sensordata,1608896777000000000,100,202835,68.55,25.72,1,25.31,40,0,1019.71,24.08,5
sensordata,1608896777000000000,100,39807,69.57,239.38,2,374.71,0,1,1016.5,28.74,7
sensordata,1608896780000000000,100,39921,69.65,238.64,2,373.48,0,1,1016.5,28.78,7
sensordata,1608896784000000000,100,111711,68.64,0,1,6.4,12,1,1019.56,24.46,a
sensordata,1608896786000000000,100,39883,69.18,238.33,2,372.95,0,0,1016.48,28.8,7
sensordata,1608896789000000000,100,204733,68.54,23.79,1,24.47,40,0,1019.71,24.09,5
sensordata,1608896789000000000,100,40189,69.11,237.58,2,371.72,0,1,1016.48,28.82,7
sensordata,1608896793000000000,100,112609,68.69,0,1,2.73,12,1,1019.56,24.46,a
sensordata,1608896795000000000,100,39997,69.04,237.29,2,371.22,0,1,1016.5,28.85,7
sensordata,1608896798000000000,100,202085,68.58,27.78,1,26.21,40,0,1019.73,24.09,5
sensordata,1608896801000000000,100,40150,68.38,237.16,2,370.98,0,1,1016.5,28.86,7
sensordata,1608896802000000000,100,114060,68.68,0,1,0,12,1,1019.56,24.47,a
sensordata,1608896804000000000,100,40344,68.45,236.65,2,370.14,0,1,1016.48,28.86,7
sensordata,1608896807000000000,100,202960,68.63,29.42,1,26.93,40,0,1019.71,24.1,5
sensordata,1608896810000000000,100,40266,68.67,236.16,3,369.31,1,1,1016.48,28.89,7
sensordata,1608896814000000000,100,114997,68.61,0,1,0,12,1,1019.54,24.49,a
sensordata,1608896816000000000,100,40617,67.75,235.41,3,368.07,1,1,1016.48,28.9,7
sensordata,1608896819000000000,100,203843,68.52,27.74,1,26.2,40,0,1019.67,24.09,5
sensordata,1608896819000000000,100,40382,68.19,235.55,3,368.28,1,1,1016.47,28.92,7
sensordata,1608896823000000000,100,116916,68.64,0,1,0,2,1,1019.54,24.5,a
sensordata,1608896825000000000,100,40775,67.99,234.59,3,366.69,1,1,1016.48,28.91,7
sensordata,1608896828000000000,100,203970,68.43,25.17,1,25.07,40,0,1019.71,24.1,5
sensordata,1608896831000000000,100,40895,67.92,233.68,3,365.19,5,1,1016.56,28.94,7
sensordata,1608896834000000000,100,40657,67.49,233.97,3,365.65,4,0,1016.54,28.96,7
sensordata,1608896837000000000,100,203843,68.5,25,1,25,40,0,1019.69,24.1,5
sensordata,1608896846000000000,100,40539,67.3,234.86,3,367.05,4,1,1016.54,28.95,7
sensordata,1608896849000000000,100,205117,68.49,25,1,25,41,0,1019.69,24.1,5
sensordata,1608896849000000000,100,40150,67.42,236.29,3,369.37,2,1,1016.52,28.94,7
sensordata,1608896855000000000,100,39997,67.17,238.57,3,373.07,1,1,1016.48,28.9,7
sensordata,1608896858000000000,100,204478,68.59,25.41,1,25.17,40,0,1019.69,24.1,5
sensordata,1608896861000000000,100,40227,66.86,239.5,3,374.55,1,1,1016.48,28.88,7
sensordata,1608896864000000000,100,40382,66.72,239.42,3,374.41,2,1,1016.5,28.87,7
sensordata,1608896867000000000,100,203843,68.65,28.26,1,26.42,40,0,1019.67,24.1,5
sensordata,1608896870000000000,100,40578,66.55,238.98,3,373.67,3,1,1016.48,28.83,7
sensordata,1608896876000000000,100,41055,67.08,237.56,3,371.33,4,0,1016.5,28.79,7
sensordata,1608896879000000000,100,204096,68.61,29.49,1,26.96,40,0,1019.69,24.11,5
sensordata,1608896879000000000,100,41176,67.28,236.59,3,369.75,4,1,1016.5,28.77,7
sensordata,1608896885000000000,100,41379,67.36,234.99,3,367.11,4,0,1016.48,28.72,7
sensordata,1608896888000000000,100,204096,68.7,29.24,1,26.85,40,0,1019.69,24.1,5
sensordata,1608896892000000000,100,41543,67.35,233.5,3,364.66,4,0,1016.52,28.68,7
sensordata,1608896897000000000,100,203843,68.72,29.47,1,26.95,40,0,1019.69,24.1,5
sensordata,1608896909000000000,100,203843,68.86,29.42,1,26.93,40,0,1019.69,24.09,5
sensordata,1608896918000000000,100,204606,68.6,26.23,1,25.53,40,0,1019.69,24.11,5
sensordata,1608896927000000000,100,203086,68.76,28.69,1,26.61,40,0,1019.69,24.1,5
sensordata,1608896939000000000,100,201837,69.02,35.74,1,29.69,40,0,1019.69,24.11,5
sensordata,1608896946000000000,100,44357,67.99,217.9,3,339.05,4,0,1016.52,28.31,7
sensordata,1608896948000000000,100,201218,69.22,38.85,1,31.05,40,0,1019.67,24.12,5
sensordata,1608896952000000000,100,44404,68.09,216.95,3,337.49,4,0,1016.52,28.27,7
sensordata,1608896955000000000,100,44688,68.14,216.06,3,336.02,4,0,1016.52,28.25,7
sensordata,1608896957000000000,100,200848,69.11,41.77,1,32.32,40,0,1019.67,24.12,5
sensordata,1608896961000000000,100,44592,68.17,215.14,3,334.51,4,0,1016.52,28.22,7
sensordata,1608896969000000000,100,201589,68.97,38.31,1,30.81,40,0,1019.65,24.12,5
sensordata,1608896970000000000,100,45267,68.31,212.77,3,330.62,4,0,1016.52,28.16,7
sensordata,1608896976000000000,100,45218,68.35,212.04,3,329.4,4,0,1016.54,28.14,7
sensordata,1608896978000000000,100,200725,68.94,37.86,1,30.61,40,0,1019.63,24.12,5
sensordata,1608896985000000000,100,45661,68.53,210.71,3,327.21,4,0,1016.5,28.07,7
sensordata,1608896987000000000,100,202085,68.94,35.69,1,29.67,40,0,1019.65,24.12,5
sensordata,1608896997000000000,100,45861,68.65,209.35,3,324.95,4,0,1016.52,28.02,7
sensordata,1608896999000000000,100,200848,69.01,37.48,1,30.45,40,0,1019.65,24.14,5
sensordata,1608897000000000000,100,46164,68.72,208.29,3,323.22,4,1,1016.5,28,7
sensordata,1608897008000000000,100,201589,69.15,37.92,1,30.64,40,0,1019.65,24.14,5
sensordata,1608897012000000000,100,46215,68.96,207.04,3,321.14,4,0,1016.52,27.94,7
sensordata,1608897015000000000,100,45811,69.01,207.58,3,322.01,4,0,1016.54,27.92,7
sensordata,1608897017000000000,100,200358,69.29,40.77,1,31.89,40,0,1019.61,24.13,5
sensordata,1608897021000000000,100,46317,69.07,206.41,3,320.09,4,0,1016.58,27.9,7
sensordata,1608897029000000000,100,201961,69.23,35.71,1,29.68,39,0,1019.61,24.12,5
sensordata,1608897038000000000,100,200113,69.21,38.04,1,30.69,39,0,1019.61,24.13,5
sensordata,1608897047000000000,100,200235,69.32,38.59,1,30.93,39,0,1019.61,24.14,5
sensordata,1608897059000000000,100,200971,69.31,38.03,1,30.69,39,0,1019.63,24.14,5
sensordata,1608897068000000000,100,199384,69.22,41.91,1,32.38,39,0,1019.61,24.14,5
sensordata,1608897077000000000,100,199869,69.19,41.87,1,32.37,39,0,1019.61,24.14,5
sensordata,1608897089000000000,100,201465,69.05,38.9,1,31.07,39,0,1019.61,24.14,5
sensordata,1608897098000000000,100,200848,69.09,37.03,1,30.25,39,0,1019.61,24.14,5
sensordata,1608897107000000000,100,200971,69,37.47,1,30.44,39,0,1019.59,24.13,5
sensordata,1608897119000000000,100,199748,68.91,42.62,1,32.7,39,0,1019.57,24.13,5
sensordata,1608897128000000000,100,200113,68.76,40.91,1,31.95,39,0,1019.59,24.14,5
sensordata,1608897137000000000,100,200480,68.68,42.27,1,32.54,39,0,1019.59,24.12,5
sensordata,1608897149000000000,100,201961,68.31,40.1,1,31.59,39,0,1019.59,24.12,5
sensordata,1608897158000000000,100,201218,68.07,37.59,1,30.5,39,0,1019.61,24.12,5
sensordata,1608897167000000000,100,202334,68.07,36.32,1,29.94,39,0,1019.57,24.1,5
sensordata,1608897179000000000,100,203590,68.09,31.07,1,27.65,39,0,1019.57,24.1,5
sensordata,1608897188000000000,100,203843,67.76,29.37,1,26.91,39,0,1019.57,24.1,5
sensordata,1608897197000000000,100,206798,67.61,23.76,1,24.46,39,0,1019.59,24.09,5
sensordata,1608897209000000000,100,207977,67.38,22.64,1,23.96,39,0,1019.57,24.08,5
sensordata,1608897218000000000,100,206928,67.28,25.75,1,25.33,39,0,1019.57,24.08,5
sensordata,1608897227000000000,100,207190,67.25,26.36,1,25.59,39,0,1019.55,24.08,5
sensordata,1608897239000000000,100,213249,65.63,16.6,1,21.33,39,0,1019.53,24.05,5
sensordata,1608897248000000000,100,215066,65.49,10.51,1,18.67,39,0,1019.53,24.04,5
sensordata,1608897257000000000,100,215348,65.45,10.47,1,18.65,39,0,1019.55,24.04,5
sensordata,1608897269000000000,100,215632,66,16.17,1,21.14,39,0,1019.53,24.03,5
sensordata,1608897278000000000,100,216057,66.43,20.89,1,23.2,39,0,1019.51,24.03,5
sensordata,1608897287000000000,100,211326,67.6,34.15,1,28.99,39,0,1019.49,24.03,5
sensordata,1608897300000000000,100,209572,67.72,50.47,1,36.12,39,0,1019.53,24.04,5
sensordata,1608897309000000000,100,209037,67.51,52.54,1,37.03,39,0,1019.53,24.05,5
sensordata,1608897318000000000,100,210648,67.43,49.89,1,35.87,39,0,1019.55,24.05,5
sensordata,1608897330000000000,100,211326,67.27,41.9,1,32.38,39,0,1019.53,24.05,5
sensordata,1608897339000000000,100,212696,67.33,34.51,1,29.15,39,0,1019.53,24.04,5
sensordata,1608897348000000000,100,213805,67.32,30.53,1,27.41,39,0,1019.55,24.05,5
sensordata,1608897360000000000,100,213944,67.47,27.11,1,25.92,39,0,1019.53,24.04,5
sensordata,1608897369000000000,100,214224,67.56,25.82,1,25.35,38,0,1019.51,24.04,5
sensordata,1608897378000000000,100,212421,67.52,29.28,1,26.87,39,0,1019.53,24.06,5
sensordata,1608897390000000000,100,211190,67.56,32.78,1,28.4,39,0,1019.53,24.07,5
sensordata,1608897399000000000,100,210108,67.69,39.16,1,31.18,39,0,1019.53,24.08,5
sensordata,1608897408000000000,100,209705,67.76,42.21,1,32.51,39,0,1019.53,24.08,5
sensordata,1608897420000000000,100,209840,67.78,42.81,1,32.78,39,0,1019.55,24.07,5
sensordata,1608897429000000000,100,210243,67.78,40.58,1,31.8,39,0,1019.55,24.08,5
sensordata,1608897438000000000,100,209438,67.81,43.49,1,33.07,39,0,1019.55,24.08,5
sensordata,1608897450000000000,100,210243,67.87,43.7,1,33.17,39,0,1019.53,24.08,5
sensordata,1608897459000000000,100,209304,67.93,42.76,1,32.76,39,0,1019.55,24.08,5
sensordata,1608897468000000000,100,208904,68.04,45.1,1,33.78,39,0,1019.57,24.09,5
sensordata,1608897480000000000,100,207714,68.13,48.06,1,35.07,39,0,1019.55,24.09,5
sensordata,1608897489000000000,100,205503,68.82,58.03,1,39.43,39,0,1019.55,24.09,5
sensordata,1608897498000000000,100,206408,68.53,56.93,1,38.94,39,0,1019.55,24.09,5
sensordata,1608897510000000000,100,207320,68.47,54.6,1,37.93,39,0,1019.57,24.09,5
sensordata,1608897519000000000,100,207714,68.41,50.21,1,36.01,39,0,1019.55,24.1,5
sensordata,1608897528000000000,100,206928,68.38,50.1,1,35.96,39,0,1019.55,24.1,5
sensordata,1608897540000000000,100,206668,68.31,50.36,1,36.07,39,0,1019.57,24.11,5
sensordata,1608897549000000000,100,207190,68.31,48.51,1,35.27,39,0,1019.57,24.11,5
sensordata,1608897558000000000,100,207977,68.37,47.23,1,34.71,39,0,1019.57,24.12,5
sensordata,1608897570000000000,100,206537,68.33,48.36,1,35.2,39,0,1019.59,24.13,5
sensordata,1608897579000000000,100,206537,68.22,48.28,1,35.17,39,0,1019.59,24.13,5
sensordata,1608897588000000000,100,207059,68.18,47.39,1,34.78,39,0,1019.59,24.14,5
sensordata,1608897600000000000,100,206668,68.28,48.54,1,35.28,40,0,1019.59,24.14,5
sensordata,1608897609000000000,100,206537,68.55,48.72,1,35.36,39,0,1019.59,24.12,5
sensordata,1608897618000000000,100,206537,68.55,47.54,1,34.84,39,0,1019.61,24.12,5
sensordata,1608897630000000000,100,205503,68.66,47.79,1,34.95,39,0,1019.59,24.11,5
sensordata,1608897639000000000,100,204224,68.75,55.33,1,38.24,39,0,1019.59,24.12,5
sensordata,1608897648000000000,100,205631,68.69,54.23,1,37.76,39,0,1019.57,24.11,5
sensordata,1608897660000000000,100,205245,68.63,53.93,1,37.64,39,0,1019.59,24.12,5
sensordata,1608897669000000000,100,206537,68.58,49.87,1,35.86,39,0,1019.57,24.12,5
sensordata,1608897678000000000,100,147447,57.82,150.93,3,171.54,39,1,825.37,21.48,8
sensordata,1608897678000000000,100,205889,68.57,50.38,1,36.08,39,0,1019.59,24.12,5
sensordata,1608897687000000000,100,148493,57.81,148.53,3,168.74,33,1,825.39,21.48,8
sensordata,1608897687000000000,100,206668,68.59,48.5,1,35.26,39,0,1019.59,24.12,5
sensordata,1608897699000000000,100,149687,57.82,145.1,3,164.72,34,1,825.39,21.48,8
sensordata,1608897699000000000,100,206408,68.67,48.12,1,35.1,39,0,1019.59,24.12,5
sensordata,1608897708000000000,100,150224,57.82,143.33,3,162.65,38,1,825.39,21.48,8
sensordata,1608897708000000000,100,206278,68.76,47.73,1,34.93,59,0,1019.57,24.15,5
sensordata,1608897717000000000,100,151310,57.84,141.25,3,160.22,38,1,825.39,21.48,8
sensordata,1608897717000000000,100,204096,68.91,52.54,1,37.03,60,0,1019.57,24.14,5
sensordata,1608897729000000000,100,151310,57.8,139.12,3,157.72,31,1,825.39,21.48,8
sensordata,1608897729000000000,100,203464,69.18,57.66,1,39.26,60,0,1019.59,24.14,5
sensordata,1608897738000000000,100,152828,57.86,136.78,3,154.98,34,1,825.35,21.47,8
sensordata,1608897747000000000,100,154806,57.84,132.74,3,150.28,36,1,825.39,21.47,8
sensordata,1608897759000000000,100,154520,57.84,130.08,3,147.17,34,1,825.37,21.46,8
sensordata,1608897768000000000,100,155669,57.81,128.93,3,145.81,35,1,825.39,21.47,8
sensordata,1608897777000000000,100,155959,57.83,127.05,3,143.62,34,1,825.41,21.47,8
sensordata,1608897789000000000,100,156982,57.83,124.7,3,140.88,39,1,825.37,21.46,8
sensordata,1608897798000000000,100,157721,57.83,122.01,3,137.73,36,1,825.37,21.46,8
sensordata,1608897807000000000,100,156542,57.83,123.09,3,138.97,34,1,825.37,21.47,8
sensordata,1608897819000000000,100,158318,57.79,121.96,3,137.65,35,1,825.37,21.47,8
sensordata,1608897829000000000,100,158168,57.77,120.48,3,135.92,33,1,825.35,21.47,8
sensordata,1608897838000000000,100,159676,57.82,117.01,3,131.88,33,1,825.37,21.47,8
sensordata,1608897850000000000,100,159981,57.85,115.37,3,129.96,33,1,825.39,21.47,8
sensordata,1608897859000000000,100,160594,57.8,114.05,3,128.41,30,1,825.37,21.47,8
sensordata,1608897868000000000,100,161213,57.8,112.35,3,126.42,29,1,825.39,21.47,8
sensordata,1608897880000000000,100,163415,57.83,108.2,3,121.6,28,1,825.41,21.47,8
sensordata,1608897889000000000,100,164538,57.89,105.17,3,118.07,29,0,825.39,21.46,8
sensordata,1608897898000000000,100,165187,57.83,102.38,3,114.82,29,0,825.37,21.47,8
sensordata,1608897910000000000,100,166006,57.86,99.69,3,111.69,19,1,825.37,21.46,8
sensordata,1608897919000000000,100,165678,57.83,99.6,3,111.57,27,1,825.35,21.47,8
sensordata,1608897928000000000,100,166501,57.91,99.41,3,111.34,37,1,825.39,21.46,8
sensordata,1608897940000000000,100,165678,57.86,99.25,3,111.15,38,1,825.37,21.47,8
sensordata,1608922479000000000,100,204861,67.79,154.08,1,81.38,40,0,1019.95,24.02,5
sensordata,1608922491000000000,100,203970,67.9,156.71,1,82.53,39,0,1019.89,24,5
sensordata,1608922500000000000,100,204989,67.48,154.2,1,81.43,40,0,1019.89,24.01,5
sensordata,1608922509000000000,100,206798,67.06,150.23,1,79.7,40,0,1019.89,24,5
sensordata,1608922521000000000,100,211462,66.34,135.11,1,73.1,40,0,1019.91,23.98,5
sensordata,1608922530000000000,100,213249,66.06,127.84,1,69.92,40,0,1019.91,23.98,5
sensordata,1608922539000000000,100,212972,66.25,127.33,1,69.7,39,0,1019.91,23.97,5
sensordata,1608922551000000000,100,211599,66.44,127.75,1,69.88,39,0,1019.91,23.97,5
sensordata,1608922560000000000,100,211872,67.09,129.16,1,70.5,39,0,1019.91,23.96,5
sensordata,1608922569000000000,100,211326,67.3,131.53,1,71.53,39,0,1019.93,23.96,5
sensordata,1608922581000000000,100,211054,67.3,133.14,1,72.23,40,0,1019.89,23.96,5
sensordata,1608922590000000000,100,210108,67.45,138.2,1,74.44,39,0,1019.91,23.97,5
sensordata,1608922599000000000,100,209840,67.6,141.24,1,75.78,40,0,1019.91,23.97,5
sensordata,1608922611000000000,100,207846,68.12,146.71,1,78.16,40,0,1019.91,23.98,5
sensordata,1608922620000000000,100,207977,68.14,150.25,1,79.71,40,0,1019.95,23.97,5
sensordata,1608922629000000000,100,207190,68.05,152.31,1,80.61,40,0,1019.91,23.98,5
sensordata,1608922641000000000,100,204989,68.44,156.43,1,82.41,39,0,1019.91,23.99,5
sensordata,1608922650000000000,100,205117,68.45,159.61,1,83.8,39,0,1019.91,23.99,5
sensordata,1608922659000000000,100,203843,68.49,162.81,1,85.19,39,0,1019.93,24.01,5
sensordata,1608922671000000000,100,204478,68.33,162.24,1,84.95,39,0,1019.91,24,5
sensordata,1608922680000000000,100,204096,68.65,162.27,1,84.96,39,0,1019.91,24.01,5
sensordata,1608922689000000000,100,204351,68.78,161.89,1,84.79,39,0,1019.93,24,5
sensordata,1608922701000000000,100,204861,68.55,161.04,1,84.42,39,0,1019.91,24,5
sensordata,1608922710000000000,100,204096,68.52,160.12,1,84.02,39,0,1019.89,24,5
sensordata,1608922719000000000,100,202960,68.73,163.17,1,85.35,39,0,1019.89,24.01,5
sensordata,1608922731000000000,100,204478,68.75,162,1,84.84,39,0,1019.89,24,5
sensordata,1608922740000000000,100,203464,68.66,162.48,1,85.05,39,0,1019.91,24.01,5
sensordata,1608922749000000000,100,203338,68.67,161.44,1,84.6,39,0,1019.95,24.02,5
sensordata,1608922761000000000,100,200603,68.89,170.65,1,88.62,39,0,1019.95,24.02,5
sensordata,1608922770000000000,100,200603,69.1,173.52,1,89.88,39,0,1019.95,24.02,5
sensordata,1608922779000000000,100,200725,69.15,176.37,1,91.12,38,0,1019.93,24.02,5
sensordata,1608922791000000000,100,200480,69.01,174.63,1,90.36,39,0,1019.95,24.03,5
sensordata,1608922800000000000,100,199869,69,175.1,1,90.56,39,0,1019.95,24.04,5
sensordata,1608922809000000000,100,200480,69.03,174.16,1,90.16,39,0,1019.93,24.03,5
sensordata,1608922821000000000,100,201341,68.94,170,1,88.34,39,0,1019.95,24.03,5
sensordata,1608922830000000000,100,200603,68.89,170.92,1,88.74,39,0,1019.95,24.05,5
sensordata,1608922839000000000,100,199505,69.15,175.34,1,90.67,39,0,1019.95,24.05,5
sensordata,1608922851000000000,100,199263,69.47,177.44,1,91.59,39,0,1019.93,24.05,5
sensordata,1608922860000000000,100,200235,69.45,177.06,1,91.42,39,0,1019.91,24.05,5
sensordata,1608922869000000000,100,199991,69.31,175.66,1,90.81,39,0,1019.95,24.05,5
sensordata,1608922881000000000,100,199991,69.26,174.62,1,90.35,39,0,1019.95,24.07,5
sensordata,1608922891000000000,100,199748,69.25,174.13,1,90.14,39,0,1019.95,24.06,5
sensordata,1608922900000000000,100,201094,69.55,169.56,1,88.15,39,0,1019.93,24.06,5
sensordata,1608922912000000000,100,197702,69.61,174.39,1,90.25,40,0,1019.95,24.08,5
sensordata,1608922921000000000,100,196871,70.11,183.51,1,94.24,40,0,1019.95,24.09,5
sensordata,1608922930000000000,100,195931,70.34,187.72,1,96.08,40,0,1019.93,24.08,5
sensordata,1608922942000000000,100,195697,70.21,188.56,1,96.45,40,0,1019.93,24.09,5
sensordata,1608922951000000000,100,192145,71.23,199.96,1,101.42,40,0,1019.95,24.1,5
sensordata,1608922960000000000,100,191137,71.29,206.79,1,104.41,40,0,1019.95,24.1,5
sensordata,1608922972000000000,100,191026,70.8,209.03,1,105.39,40,0,1019.95,24.1,5
sensordata,1608922981000000000,100,193619,70.13,201.98,1,102.31,40,0,1019.95,24.11,5
sensordata,1608922990000000000,100,192822,70.29,199.87,1,101.39,40,0,1019.93,24.11,5
sensordata,1608923002000000000,100,193962,70.32,196.27,1,99.81,40,0,1019.93,24.11,5
sensordata,1608923011000000000,100,195231,69.86,188.59,1,96.46,40,0,1019.96,24.11,5
sensordata,1608923020000000000,100,194884,70.03,188.44,1,96.39,40,0,1019.95,24.12,5
sensordata,1608923032000000000,100,195697,69.8,186.98,1,95.75,40,0,1019.93,24.11,5
sensordata,1608923041000000000,100,196871,69.93,181.87,1,93.52,40,0,1019.95,24.12,5
sensordata,1608923050000000000,100,196871,69.83,178.42,1,92.01,40,0,1019.95,24.13,5
sensordata,1608923062000000000,100,196871,69.85,178.93,1,92.24,40,0,1019.93,24.12,5
sensordata,1608923071000000000,100,195115,69.89,182.18,1,93.66,40,0,1019.95,24.13,5
sensordata,1608923080000000000,100,195464,69.86,183.96,1,94.43,40,0,1019.93,24.13,5
sensordata,1608923089000000000,100,195814,69.68,183.44,1,94.21,40,0,1019.93,24.13,5
sensordata,1608923101000000000,100,197702,69.18,176.8,1,91.31,40,0,1019.93,24.12,5
sensordata,1608923110000000000,100,200603,68.89,166.68,1,86.89,40,0,1019.93,24.12,5
sensordata,1608923119000000000,100,201341,68.7,161.21,1,84.5,40,0,1019.91,24.1,5
sensordata,1608923131000000000,100,203590,68.3,152.47,1,80.68,40,0,1019.93,24.09,5
sensordata,1608923140000000000,100,203338,68.46,152.89,1,80.86,40,0,1019.89,24.09,5
sensordata,1608923149000000000,100,202334,68.21,153.98,1,81.34,40,0,1019.89,24.08,5
sensordata,1608923161000000000,100,204224,68.02,149.69,1,79.47,40,0,1019.87,24.08,5
sensordata,1608923170000000000,100,203970,67.98,152.27,1,80.59,40,0,1019.89,24.07,5
sensordata,1608923179000000000,100,204861,67.94,149.65,1,79.45,39,0,1019.85,24.05,5
sensordata,1608923191000000000,100,206668,68.04,144.64,1,77.26,39,0,1019.87,24.04,5
sensordata,1608923200000000000,100,205374,67.95,146.92,1,78.25,40,0,1019.87,24.04,5
sensordata,1608923209000000000,100,205631,67.91,147.74,1,78.62,40,0,1019.85,24.03,5
sensordata,1608923221000000000,100,207320,67.55,143.7,1,76.85,40,0,1019.81,24.01,5
sensordata,1608923230000000000,100,209037,67.32,137.51,1,74.15,39,0,1019.83,24,5
sensordata,1608923239000000000,100,208506,67.5,136.42,1,73.67,40,0,1019.83,24,5
sensordata,1608923251000000000,100,210243,67.27,133.09,1,72.21,39,0,1019.81,23.99,5
sensordata,1608923260000000000,100,212972,66.45,126.93,1,69.52,40,0,1019.83,23.98,5
sensordata,1608923269000000000,100,211054,66.83,126.01,1,69.12,39,0,1019.83,23.98,5
sensordata,1608923281000000000,100,209171,67.45,135.57,1,73.3,39,0,1019.81,23.98,5
sensordata,1608923290000000000,100,209974,67.24,137.54,1,74.16,39,0,1019.83,23.97,5
sensordata,1608923299000000000,100,207320,67.67,143.35,1,76.69,39,0,1019.81,23.98,5
sensordata,1608923311000000000,100,208109,67.89,146.52,1,78.08,40,0,1019.83,23.98,5
sensordata,1608923320000000000,100,207714,67.94,148.68,1,79.02,40,0,1019.83,23.98,5
sensordata,1608923329000000000,100,208109,68.12,148.41,1,78.91,40,0,1019.79,23.97,5
sensordata,1608923341000000000,100,208109,67.98,147.99,1,78.72,39,0,1019.81,23.98,5
sensordata,1608923350000000000,100,207714,67.98,148.78,1,79.07,40,0,1019.83,23.98,5
sensordata,1608923359000000000,100,209037,67.95,144.33,1,77.13,40,0,1019.81,23.97,5
sensordata,1608923371000000000,100,205117,68.9,152.71,1,80.78,40,0,1019.81,23.98,5
sensordata,1608923380000000000,100,205889,68.76,155.1,1,81.83,40,0,1019.81,23.99,5
sensordata,1608923389000000000,100,206537,68.52,154.55,1,81.59,40,0,1019.83,23.97,5
sensordata,1608923401000000000,100,204861,68.89,158.42,1,83.28,40,0,1019.81,23.99,5
sensordata,1608923410000000000,100,202709,68.96,162.81,1,85.2,40,0,1019.81,24,5
sensordata,1608923419000000000,100,204478,68.73,162.93,1,85.25,40,0,1019.81,24,5
sensordata,1608923431000000000,100,205503,68.57,157.94,1,83.07,40,0,1019.81,23.99,5
sensordata,1608923440000000000,100,206148,68.51,152.82,1,80.83,40,0,1019.79,23.99,5
sensordata,1608923449000000000,100,205760,68.51,151.07,1,80.07,40,0,1019.81,23.99,5
sensordata,1608923461000000000,100,205760,68.64,150.58,1,79.85,40,0,1019.79,23.98,5
sensordata,1608923470000000000,100,205631,68.75,148.47,1,78.93,40,0,1019.77,23.99,5
sensordata,1608923479000000000,100,204606,68.89,152.51,1,80.7,40,0,1019.77,23.99,5
sensordata,1608923491000000000,100,206537,68.91,148.73,1,79.05,40,0,1019.77,23.99,5
sensordata,1608923500000000000,100,203970,69.33,154,1,81.35,39,0,1019.79,23.99,5
sensordata,1608923509000000000,100,203843,69.21,155.19,1,81.87,40,0,1019.79,23.98,5
sensordata,1608923521000000000,100,204224,68.99,153.56,1,81.16,40,0,1019.79,23.99,5
sensordata,1608923530000000000,100,204351,68.99,154.1,1,81.39,40,0,1019.77,23.99,5
sensordata,1608923539000000000,100,207059,68.96,148.39,1,78.9,40,0,1019.75,23.99,5
sensordata,1608923551000000000,100,205374,68.91,147.99,1,78.72,40,0,1019.77,23.99,5
sensordata,1608923560000000000,100,204733,68.96,149.4,1,79.34,40,0,1019.79,23.99,5
sensordata,1608923569000000000,100,203212,69.17,153.79,1,81.26,39,0,1019.77,24,5
sensordata,1608923581000000000,100,202960,69.32,158.94,1,83.5,40,0,1019.77,24,5
sensordata,1608923590000000000,100,203338,69.03,159.66,1,83.82,40,0,1019.79,24,5
sensordata,1608923599000000000,100,202835,69.06,159.87,1,83.91,40,0,1019.77,24.01,5
sensordata,1608923611000000000,100,203843,69.22,154.98,1,81.78,40,0,1019.81,23.99,5
sensordata,1608923620000000000,100,204606,69.31,153.06,1,80.94,40,0,1019.77,23.98,5
sensordata,1608923629000000000,100,201218,69.68,158.34,1,83.24,40,0,1019.79,24,5
sensordata,1608923641000000000,100,199748,69.83,166.14,1,86.65,40,0,1019.79,24,5
sensordata,1608923650000000000,100,201465,69.55,165.91,1,86.55,40,0,1019.77,24,5
sensordata,1608923659000000000,100,202334,69.5,161.87,1,84.79,40,0,1019.77,23.99,5
sensordata,1608923672000000000,100,202709,69.53,160.76,1,84.3,41,0,1019.77,24,5
sensordata,1608923681000000000,100,202709,69.55,159.07,1,83.56,41,0,1019.77,24,5
sensordata,1608923690000000000,100,201837,69.52,160.36,1,84.13,41,0,1019.77,24.01,5
sensordata,1608923702000000000,100,201713,69.61,158.79,1,83.44,41,0,1019.75,24.01,5
sensordata,1608923711000000000,100,202085,69.62,159.37,1,83.69,41,0,1019.77,24.01,5
sensordata,1608923720000000000,100,202210,69.52,158.69,1,83.4,41,0,1019.83,24.02,5
sensordata,1608923732000000000,100,202210,69.55,157.74,1,82.98,41,0,1019.81,24.02,5
sensordata,1608923741000000000,100,201589,69.52,160.01,1,83.97,41,0,1019.83,24.02,5
sensordata,1608923750000000000,100,201094,69.51,159.31,1,83.67,41,0,1019.81,24.03,5
sensordata,1608923762000000000,100,199384,69.8,167.29,1,87.15,41,0,1019.83,24.03,5
sensordata,1608923771000000000,100,199748,69.8,171.05,1,88.8,41,0,1019.81,24.04,5
sensordata,1608923780000000000,100,200480,69.82,169.55,1,88.14,41,0,1019.83,24.04,5
sensordata,1608923792000000000,100,199505,69.86,172.21,1,89.3,41,0,1019.83,24.04,5
sensordata,1608923801000000000,100,198179,69.94,174.67,1,90.38,41,0,1019.81,24.05,5
sensordata,1608923810000000000,100,198060,70.02,175.31,1,90.66,41,0,1019.83,24.06,5
sensordata,1608923822000000000,100,197702,70.11,179.2,1,92.36,41,0,1019.83,24.06,5
sensordata,1608923831000000000,100,198900,69.82,174.3,1,90.21,41,0,1019.81,24.05,5
sensordata,1608923840000000000,100,197108,69.95,176.82,1,91.32,40,0,1019.85,24.06,5
sensordata,1608923852000000000,100,198179,69.81,178.12,1,91.88,40,0,1019.83,24.06,5
sensordata,1608923861000000000,100,197464,69.91,180.3,1,92.84,40,0,1019.81,24.07,5
sensordata,1608923870000000000,100,198419,69.31,177.2,1,91.48,40,0,1019.83,24.09,5
sensordata,1608923882000000000,100,197583,69.18,176.49,1,91.17,40,0,1019.81,24.09,5
sensordata,1608923891000000000,100,199021,69.01,174.4,1,90.26,39,0,1019.81,24.08,5
sensordata,1608923900000000000,100,200358,68.9,169.62,1,88.17,40,0,1019.85,24.09,5
sensordata,1608923909000000000,100,200235,68.71,166.51,1,86.81,40,0,1019.85,24.1,5
sensordata,1608923921000000000,100,202459,68.39,161.06,1,84.43,40,0,1019.81,24.09,5
sensordata,1608923930000000000,100,203086,68.2,158.04,1,83.11,40,0,1019.83,24.08,5
sensordata,1608923939000000000,100,203338,68.28,158.28,1,83.22,40,0,1019.81,24.08,5
sensordata,1608923951000000000,100,204606,67.84,153.64,1,81.19,39,0,1019.83,24.09,5
sensordata,1608923960000000000,100,204224,67.47,152.59,1,80.73,39,0,1019.83,24.09,5
sensordata,1608923969000000000,100,205631,67.43,148.46,1,78.93,40,0,1019.83,24.09,5
sensordata,1608923981000000000,100,206928,67.38,146.54,1,78.09,40,0,1019.83,24.09,5
sensordata,1608923990000000000,100,207059,67.28,144.84,1,77.35,40,0,1019.83,24.09,5
sensordata,1608923999000000000,100,206928,67,144.42,1,77.16,39,0,1019.85,24.08,5
sensordata,1608924011000000000,100,209171,66.83,139.8,1,75.15,40,0,1019.83,24.08,5
sensordata,1608924020000000000,100,209304,66.84,139.6,1,75.06,40,0,1019.81,24.08,5
sensordata,1608924029000000000,100,210378,66.45,134.8,1,72.96,40,0,1019.79,24.06,5
sensordata,1608924041000000000,100,214084,65.87,125.33,1,68.82,40,0,1019.83,24.05,5
sensordata,1608924050000000000,100,215773,65.59,115.24,1,64.42,40,0,1019.79,24.03,5
sensordata,1608924059000000000,100,216628,65.76,112.06,1,63.03,40,0,1019.79,24.03,5
sensordata,1608924071000000000,100,214504,67.34,117.86,1,65.56,40,0,1019.79,24.02,5
sensordata,1608924080000000000,100,208904,68.27,135.04,1,73.07,40,0,1019.79,24.03,5
sensordata,1608924089000000000,100,208109,68.29,143.94,1,76.95,40,0,1019.81,24.03,5
sensordata,1608924101000000000,100,204351,68.57,156.71,1,82.53,39,0,1019.81,24.04,5
sensordata,1608924110000000000,100,203338,68.61,165.94,1,86.56,40,0,1019.79,24.05,5
sensordata,1608924119000000000,100,203716,68.22,167.43,1,87.22,40,0,1019.77,24.05,5
sensordata,1608924131000000000,100,207190,68.07,157.43,1,82.85,40,0,1019.79,24.05,5
sensordata,1608924140000000000,100,207583,67.95,150.81,1,79.95,40,0,1019.81,24.05,5
sensordata,1608924149000000000,100,208241,67.89,146.21,1,77.94,40,0,1019.81,24.05,5
sensordata,1608924161000000000,100,206408,68.18,148.25,1,78.84,40,0,1019.77,24.06,5
sensordata,1608924170000000000,100,204861,68.67,154.08,1,81.38,40,0,1019.81,24.07,5
sensordata,1608924179000000000,100,205889,68.37,155.02,1,81.8,40,0,1019.79,24.06,5
sensordata,1608924191000000000,100,205631,68.14,152.76,1,80.81,40,0,1019.79,24.08,5
sensordata,1608924200000000000,100,206148,68.12,151.18,1,80.11,40,0,1019.77,24.07,5
sensordata,1608924209000000000,100,206019,68.07,148.62,1,79,40,0,1019.79,24.08,5
sensordata,1608924221000000000,100,205631,68.29,148.36,1,78.88,40,0,1019.75,24.07,5
sensordata,1608924230000000000,100,203716,69.05,155.38,1,81.95,40,0,1019.77,24.08,5
sensordata,1608924239000000000,100,204096,68.81,158.18,1,83.17,40,0,1019.79,24.08,5
sensordata,1608924251000000000,100,204861,68.58,154.3,1,81.48,40,0,1019.79,24.09,5
sensordata,1608924260000000000,100,204733,68.66,153.42,1,81.1,40,0,1019.81,24.09,5
sensordata,1608924269000000000,100,203970,68.58,155.42,1,81.97,40,0,1019.81,24.1,5
sensordata,1608924281000000000,100,203590,68.65,156.26,1,82.34,40,0,1019.81,24.1,5
sensordata,1608924290000000000,100,202584,68.79,158.55,1,83.34,40,0,1019.79,24.1,5
sensordata,1608924299000000000,100,202835,68.8,160.24,1,84.07,40,0,1019.81,24.1,5
sensordata,1608924311000000000,100,202960,68.68,160.16,1,84.04,39,0,1019.79,24.11,5
sensordata,1608924320000000000,100,205760,68.7,152.68,1,80.77,39,0,1019.79,24.11,5
sensordata,1608924329000000000,100,205374,68.7,148.33,1,78.87,39,0,1019.81,24.11,5
sensordata,1608924341000000000,100,204096,68.78,148.48,1,78.94,39,0,1019.83,24.11,5
sensordata,1608924350000000000,100,202459,69.23,156.03,1,82.23,39,0,1019.81,24.12,5
sensordata,1608924359000000000,100,200480,69.41,163.52,1,85.5,39,0,1019.79,24.12,5
sensordata,1608924371000000000,100,199869,69.28,169.61,1,88.17,40,0,1019.83,24.13,5
sensordata,1608924380000000000,100,200235,69.09,169.63,1,88.17,39,0,1019.83,24.13,5
sensordata,1608924389000000000,100,202709,68.98,162.84,1,85.21,39,0,1019.81,24.13,5
sensordata,1608924401000000000,100,201837,68.98,161.14,1,84.47,39,0,1019.79,24.12,5
sensordata,1628314213000000000,100,203212,68.97,155.72,1,82.1,39,0,1019.79,24.12,5
sensordata,1628314222000000000,100,203212,68.93,153.01,1,80.91,39,0,1019.77,24.12,5
sensordata,1628314234000000000,100,202960,69,153.67,1,81.21,39,0,1019.77,24.12,5
sensordata,1628314243000000000,100,201961,69.04,156.84,1,82.59,39,0,1019.81,24.13,5
sensordata,1628314252000000000,100,201341,69.15,160.18,1,84.05,39,0,1019.81,24.14,5
sensordata,1628314264000000000,100,202459,69.04,158.91,1,83.49,39,0,1019.81,24.14,5
sensordata,1628314273000000000,100,202334,69.05,159.67,1,83.82,39,0,1019.79,24.13,5
sensordata,1628314282000000000,100,202835,69.1,157.17,1,82.73,39,0,1019.79,24.13,5
sensordata,1628314294000000000,100,202459,69.07,156.05,1,82.25,40,0,1019.79,24.14,5
sensordata,1628314303000000000,100,200603,69.22,159.62,1,83.8,40,0,1019.77,24.15,5
sensordata,1628314312000000000,100,198539,69.64,168.02,1,87.47,40,0,1019.81,24.15,5
sensordata,1628314324000000000,100,199505,69.67,171.64,1,89.05,40,0,1019.75,24.15,5
sensordata,1628314333000000000,100,197940,69.49,175.15,1,90.59,40,0,1019.77,24.15,5
sensordata,1628314342000000000,100,199142,69.25,171.94,1,89.18,40,0,1019.77,24.16,5
sensordata,1628314354000000000,100,199263,69.19,170.48,1,88.55,40,0,1019.75,24.16,5
sensordata,1628314363000000000,100,196283,69.92,175.97,1,90.95,40,0,1019.77,24.17,5
sensordata,1628314372000000000,100,197345,70.36,180.23,1,92.81,40,0,1019.79,24.18,5
sensordata,1628314384000000000,100,195231,70.01,182.8,1,93.93,39,0,1019.79,24.18,5
sensordata,1628314393000000000,100,196871,69.85,180.89,1,93.1,40,0,1019.75,24.17,5
sensordata,1628314402000000000,100,196871,69.82,178.17,1,91.91,40,0,1019.73,24.17,5
sensordata,1628314414000000000,100,198419,69.6,173.49,1,89.86,40,0,1019.73,24.17,5
sensordata,1628314423000000000,100,197345,69.5,174.93,1,90.49,39,0,1019.75,24.17,5
sensordata,1628314432000000000,100,199142,68.94,170.62,1,88.61,40,0,1019.75,24.17,5
sensordata,1628314444000000000,100,199869,68.99,167.86,1,87.4,40,0,1019.75,24.16,5
sensordata,1628314453000000000,100,200113,68.68,162.82,1,85.2,40,0,1019.75,24.14,5
sensordata,1628314462000000000,100,202835,68.57,158.5,1,83.31,40,0,1019.73,24.14,5
sensordata,1628314474000000000,100,201341,68.58,159.5,1,83.75,40,0,1019.75,24.15,5
sensordata,1628314483000000000,100,201713,68.37,159.63,1,83.81,40,0,1019.75,24.14,5
sensordata,1628314492000000000,100,201589,68.31,160.18,1,84.05,40,0,1019.75,24.14,5
sensordata,1628314501000000000,100,202334,68.23,159.99,1,83.96,40,0,1019.73,24.13,5
sensordata,1628314513000000000,100,202210,67.9,157.19,1,82.74,40,0,1019.75,24.12,5
sensordata,1628314522000000000,100,204224,67.64,153.14,1,80.97,40,0,1019.73,24.12,5
sensordata,1628314531000000000,100,205117,67.81,151.91,1,80.43,39,0,1019.75,24.11,5
sensordata,1628315863000000000,100,200235,69.34,25,0,25,59,0,1019.61,24.12,5
sensordata,1628315872000000000,100,199384,70.03,25,0,25,60,0,1019.63,24.12,5
sensordata,1628315881000000000,100,200848,69.96,25,0,25,60,0,1019.63,24.09,5
sensordata,1628315893000000000,100,202709,69.45,25,0,25,26,0,1019.59,24.14,5
sensordata,1628315902000000000,100,201961,69.38,25,0,25,20,0,1019.61,24.15,5
sensordata,1628315911000000000,100,201341,69.05,25,0,25,22,0,1019.61,24.14,5
sensordata,1628315923000000000,100,199991,68.99,25,0,25,23,0,1019.63,24.15,5
sensordata,1628315932000000000,100,201837,68.6,25,0,25,23,0,1019.63,24.15,5
sensordata,1628315941000000000,100,202960,68.2,25,0,25,18,0,1019.61,24.16,5
sensordata,1628315953000000000,100,201589,68.57,25,0,25,22,0,1019.63,24.16,5
sensordata,1628315962000000000,100,201961,68.15,25,0,25,13,0,1019.63,24.17,5
sensordata,1628315971000000000,100,204096,67.83,25,0,25,22,0,1019.61,24.16,5
sensordata,1628315983000000000,100,207320,66.75,25,0,25,23,0,1019.61,24.16,5
sensordata,1628315992000000000,100,198900,66.62,25,0,25,22,0,1019.61,24.16,5
sensordata,1628316001000000000,100,190582,66.8,25,0,25,23,0,1019.61,24.17,5
sensordata,1628316013000000000,100,195697,66.96,25,0,25,22,0,1019.61,24.17,5
sensordata,1628316022000000000,100,197583,67.71,25,0,25,22,0,1019.63,24.18,5
sensordata,1628316031000000000,100,200358,67.48,25,0,25,22,0,1019.63,24.18,5
sensordata,1628316043000000000,100,204478,66.95,25,0,25,22,0,1019.61,24.18,5
sensordata,1628316052000000000,100,205503,66.84,25,0,25,22,0,1019.63,24.18,5
sensordata,1628316061000000000,100,209438,65.74,25,0,25,22,0,1019.59,24.17,5
sensordata,1628316073000000000,100,213527,65.23,25,0,25,22,0,1019.59,24.17,5
sensordata,1628316082000000000,100,213111,65.5,25,0,25,22,0,1019.59,24.16,5
sensordata,1628316091000000000,100,214364,65.41,25,0,25,22,0,1019.59,24.16,5
sensordata,1628316103000000000,100,214785,65.72,25,0,25,22,0,1019.61,24.15,5
sensordata,1628316112000000000,100,215066,65.69,25,0,25,22,0,1019.61,24.15,5
sensordata,1628316121000000000,100,217634,65.71,25,1,25,22,0,1019.61,24.15,5
sensordata,1628316133000000000,100,217634,65.8,25,1,25,22,0,1019.59,24.14,5
sensordata,1628316142000000000,100,215490,66.04,28.07,1,26.34,22,0,1019.59,24.14,5
sensordata,1628316151000000000,100,214785,66.32,33.59,1,28.75,22,0,1019.59,24.14,5
sensordata,1628316163000000000,100,213805,66.55,38.98,1,31.1,22,0,1019.59,24.15,5
sensordata,1628316172000000000,100,213666,66.66,40.75,1,31.88,22,0,1019.61,24.14,5
sensordata,1628316181000000000,100,213666,66.64,42.63,1,32.7,22,0,1019.61,24.14,5
sensordata,1628316193000000000,100,213805,66.69,42.21,1,32.51,22,0,1019.61,24.14,5
sensordata,1628316202000000000,100,211599,66.73,45.74,1,34.06,23,0,1019.61,24.14,5
sensordata,1628316211000000000,100,212696,66.78,43.89,1,33.25,22,0,1019.61,24.14,5
sensordata,1628316223000000000,100,212283,66.84,45.99,1,34.17,22,0,1019.63,24.14,5
sensordata,1628316232000000000,100,213249,66.86,44.27,1,33.41,22,0,1019.61,24.13,5
sensordata,1628316241000000000,100,213666,66.93,39.64,1,31.39,22,0,1019.61,24.13,5
sensordata,1628316253000000000,100,213388,67.29,38.62,1,30.95,22,0,1019.59,24.12,5
sensordata,1628316262000000000,100,213111,67.34,36.02,1,29.81,22,0,1019.61,24.13,5
sensordata,1628316271000000000,100,213249,67.36,38.29,1,30.8,22,0,1019.59,24.12,5
sensordata,1628316283000000000,100,212009,68,41.11,1,32.03,1,0,1019.63,24.11,5
sensordata,1628316292000000000,100,212146,67.77,40.99,1,31.98,2,0,1019.65,24.12,5
sensordata,1628316301000000000,100,209974,67.46,45.46,1,33.93,2,0,1019.63,24.11,5
sensordata,1628316322000000000,100,209037,67.11,52.55,1,37.03,2,0,1019.61,24.06,5
sensordata,1628316331000000000,100,210108,67.06,53.8,1,37.58,2,0,1019.63,24.04,5
sensordata,1628316343000000000,100,209037,67.11,54.96,1,38.08,2,0,1019.57,24,5
sensordata,1628316352000000000,100,209974,67.1,56.55,1,38.78,2,0,1019.59,23.98,5
sensordata,1628316361000000000,100,209840,67.11,59.34,1,40,2,0,1019.59,23.96,5
sensordata,1628316373000000000,100,209572,67.18,58.92,1,39.82,2,0,1019.59,23.93,5
sensordata,1628316382000000000,100,209438,67.3,59.54,1,40.09,2,0,1019.59,23.9,5
sensordata,1628316391000000000,100,209171,67.54,60.58,1,40.54,2,0,1019.59,23.87,5
sensordata,1628316403000000000,100,209572,67.91,58.16,1,39.48,2,0,1019.61,23.85,5
sensordata,1628316412000000000,100,209705,67.9,58.97,1,39.83,2,0,1019.61,23.83,5
sensordata,1628316421000000000,100,209705,67.92,60.2,1,40.37,2,0,1019.63,23.81,5
sensordata,1628316433000000000,100,209840,68.04,59.08,1,39.88,2,0,1019.63,23.78,5
sensordata,1628316442000000000,100,209438,68.15,59.82,1,40.21,2,0,1019.59,23.75,5
sensordata,1628316451000000000,100,208639,68.22,63.11,1,41.64,2,0,1019.61,23.74,5
sensordata,1628316463000000000,100,208241,68.13,63.25,1,41.7,2,0,1019.63,23.71,5
sensordata,1628316472000000000,100,209037,68.14,64.55,1,42.27,2,0,1019.59,23.69,5
sensordata,1628316481000000000,100,209304,68.21,64.55,1,42.27,2,0,1019.61,23.67,5
sensordata,1628316493000000000,100,208374,68.19,64.87,1,42.41,2,0,1019.63,23.65,5
sensordata,1628316502000000000,100,209171,68.19,65.94,1,42.88,2,0,1019.61,23.63,5
sensordata,1628316511000000000,100,208241,68.32,67.23,1,43.45,2,0,1019.61,23.61,5
sensordata,1628316523000000000,100,209974,68.41,64.76,1,42.37,2,0,1019.63,23.59,5
sensordata,1628316532000000000,100,208771,68.35,67.42,1,43.53,2,0,1019.63,23.57,5
sensordata,1628316541000000000,100,208771,68.36,68.26,1,43.89,2,0,1019.59,23.56,5
sensordata,1628316553000000000,100,208904,68.43,67.99,1,43.78,2,0,1019.59,23.54,5
sensordata,1628316562000000000,100,209171,68.45,68.33,1,43.93,2,0,1019.61,23.52,5
sensordata,1628316571000000000,100,208374,68.49,68.91,1,44.18,2,0,1019.59,23.51,5
sensordata,1628316583000000000,100,208639,68.74,69.69,1,44.52,2,0,1019.59,23.49,5
sensordata,1628316592000000000,100,207846,68.82,71.14,1,45.15,2,0,1019.59,23.48,5
sensordata,1628316601000000000,100,208639,69.09,70.46,1,44.85,2,0,1019.57,23.46,5
sensordata,1628316613000000000,100,209037,69.42,71.45,1,45.29,2,0,1019.59,23.44,5
sensordata,1628316622000000000,100,208241,69.38,72,1,45.53,2,0,1019.59,23.43,5
sensordata,1628316631000000000,100,209304,69.21,67.68,1,43.64,2,0,1019.59,23.41,5
sensordata,1628316643000000000,100,208904,68.99,66.88,1,43.29,2,0,1019.59,23.38,5
sensordata,1628316652000000000,100,210108,68.87,62.93,1,41.57,2,0,1019.55,23.36,5
sensordata,1628316661000000000,100,212283,68.63,55.87,1,38.48,2,0,1019.59,23.35,5
sensordata,1628316673000000000,100,211326,68.53,54.52,1,37.89,2,0,1019.53,23.32,5
sensordata,1628316682000000000,100,213944,68.28,50.23,1,36.02,2,0,1019.55,23.3,5
sensordata,1628316691000000000,100,214224,68.18,47.55,1,34.85,2,0,1019.53,23.28,5
sensordata,1628316703000000000,100,216771,67.86,41.04,1,32,2,0,1019.53,23.24,5
sensordata,1628316712000000000,100,216485,68.03,40,1,31.55,2,0,1019.55,23.23,5
sensordata,1628316721000000000,100,217490,67.83,38.74,1,31,2,0,1019.53,23.22,5
sensordata,1628316733000000000,100,218358,67.73,35.33,1,29.51,1,0,1019.53,23.18,5
sensordata,1628316742000000000,100,221304,67.54,29.53,1,26.98,2,0,1019.53,23.14,5
sensordata,1628316751000000000,100,220412,67.38,28.91,1,26.71,2,0,1019.57,23.13,5
sensordata,1628316763000000000,100,221154,67.4,25.54,1,25.23,2,0,1019.53,23.12,5
sensordata,1628316772000000000,100,221453,67.37,26.4,1,25.61,2,0,1019.53,23.1,5
sensordata,1628316781000000000,100,222806,67.33,26.14,1,25.49,2,0,1019.53,23.07,5
sensordata,1628316793000000000,100,222806,67.14,25.84,1,25.36,2,0,1019.53,23.05,5
sensordata,1628316802000000000,100,225099,66.93,25,1,25,2,0,1019.51,23.02,5
sensordata,1628316811000000000,100,224637,67.09,25.84,1,25.36,2,0,1019.53,23.01,5
sensordata,1628316823000000000,100,224945,67.44,28.05,1,26.33,2,0,1019.51,23,5
sensordata,1628316832000000000,100,223109,67.83,35.38,1,29.53,2,0,1019.53,22.99,5
sensordata,1628316841000000000,100,221304,68.04,40.69,1,31.85,2,0,1019.51,22.98,5
sensordata,1628316853000000000,100,220412,68.16,47,1,34.61,2,0,1019.53,22.98,5
sensordata,1628316862000000000,100,219674,68.29,51.9,1,36.75,2,0,1019.51,22.97,5
sensordata,1628316871000000000,100,219380,68.38,54.81,1,38.02,2,0,1019.51,22.96,5
sensordata,1628316883000000000,100,217923,68.45,59.67,1,40.14,2,0,1019.53,22.95,5
sensordata,1628316892000000000,100,218358,68.58,62.04,1,41.18,2,0,1019.51,22.94,5
sensordata,1628316901000000000,100,216771,68.67,65.16,1,42.54,2,0,1019.53,22.94,5
sensordata,1628316913000000000,100,216342,68.75,67.05,1,43.37,2,0,1019.53,22.94,5
sensordata,1628316922000000000,100,215066,68.85,70.05,1,44.68,2,0,1019.51,22.92,5
sensordata,1628316931000000000,100,215632,68.85,69.49,1,44.43,2,0,1019.53,22.92,5
sensordata,1628316943000000000,100,215207,68.96,71.64,1,45.37,2,0,1019.53,22.92,5
sensordata,1628316952000000000,100,214925,69.03,72.79,1,45.87,2,0,1019.51,22.91,5
sensordata,1628316962000000000,100,215207,69.16,72.32,1,45.67,2,0,1019.51,22.9,5
sensordata,1628316974000000000,100,215207,69.18,74.01,1,46.4,2,0,1019.53,22.9,5
sensordata,1628316983000000000,100,214084,69.41,74.12,1,46.45,2,0,1019.53,22.89,5
sensordata,1628316995000000000,100,215207,69.44,72.94,1,45.94,2,0,1019.55,22.89,5
sensordata,1628317004000000000,100,214785,69.5,72.4,1,45.7,2,0,1019.55,22.89,5
sensordata,1628317010000000000,100,185698,70.8,25,0,25,9,0,1019.61,23.97,6
sensordata,1628317013000000000,100,214644,69.54,72.37,1,45.69,2,0,1019.51,22.89,5
sensordata,1628317022000000000,100,184879,70.78,25,0,25,9,0,1019.61,23.96,6
sensordata,1628317025000000000,100,213805,69.57,73.45,1,46.16,2,0,1019.49,22.88,5
sensordata,1628317031000000000,100,184066,70.72,25,0,25,9,0,1019.61,23.96,6
sensordata,1628317034000000000,100,213666,69.59,75.42,1,47.02,2,0,1019.51,22.87,5
sensordata,1628317040000000000,100,185083,70.89,25,0,25,9,1,1019.59,23.95,6
sensordata,1628317043000000000,100,213527,69.57,77.42,1,47.9,2,0,1019.51,22.87,5
sensordata,1628317052000000000,100,184471,70.94,25,0,25,15,1,1019.57,23.96,6
sensordata,1628317055000000000,100,213111,69.56,77.39,1,47.88,2,0,1019.51,22.87,5
sensordata,1628317061000000000,100,180886,72.52,25,0,25,4,1,1019.57,24.02,6
sensordata,1628317064000000000,100,212283,69.6,77.34,1,47.86,2,0,1019.49,22.86,5
sensordata,1628317070000000000,100,180301,72.09,25,0,25,0,1,1019.59,24.13,6
sensordata,1628317073000000000,100,213111,69.77,76.26,1,47.39,2,0,1019.51,22.86,5
sensordata,1628317079000000000,100,178002,71.6,25,0,25,1,0,1019.59,24.26,6
sensordata,1628317085000000000,100,212834,69.86,76.34,1,47.42,2,0,1019.51,22.86,5
sensordata,1628317091000000000,100,178381,71.15,25,0,25,1,0,1019.59,24.39,6
sensordata,1628317094000000000,100,211735,69.85,79.32,1,48.73,2,0,1019.53,22.86,5
sensordata,1628317100000000000,100,177813,71.06,25,0,25,1,0,1019.63,24.45,6
sensordata,1628317103000000000,100,212283,69.84,79.48,1,48.79,2,0,1019.53,22.86,5
sensordata,1628317109000000000,100,177625,70.89,25,0,25,1,0,1019.61,24.5,6
sensordata,1628317115000000000,100,210783,69.88,82.76,1,50.23,2,0,1019.53,22.86,5
sensordata,1628317121000000000,100,178762,70.64,23.48,1,24.33,1,0,1019.61,24.55,6
sensordata,1628317124000000000,100,211054,69.91,81.82,1,49.82,2,0,1019.49,22.85,5
sensordata,1628317130000000000,100,177436,70.54,26.33,1,25.58,1,0,1019.59,24.57,6
sensordata,1628317133000000000,100,212009,69.92,80.9,1,49.41,2,0,1019.51,22.84,5
sensordata,1628317140000000000,100,178762,70.46,25,1,25,1,0,1019.61,24.58,6
sensordata,1628317145000000000,100,212009,70.17,80.69,1,49.32,2,0,1019.51,22.84,5
sensordata,1628317152000000000,100,178381,70.37,25.2,1,25.09,1,0,1019.59,24.59,6
sensordata,1628317154000000000,100,211462,70.2,80.25,1,49.13,2,0,1019.53,22.84,5
sensordata,1628317161000000000,100,178191,70.38,25.88,1,25.38,1,0,1019.59,24.59,6
sensordata,1628317163000000000,100,210919,70.31,82.71,1,50.21,2,0,1019.51,22.84,5
sensordata,1628317170000000000,100,179336,70.43,25,1,25,0,0,1019.59,24.59,6
sensordata,1628317175000000000,100,211054,70.4,82.41,1,50.08,2,0,1019.53,22.84,5
sensordata,1628317182000000000,100,178571,70.46,25.48,1,25.21,1,0,1019.61,24.58,6
sensordata,1628317184000000000,100,210783,70.42,81.47,1,49.67,2,0,1019.53,22.83,5
sensordata,1628317191000000000,100,178953,70.48,25,1,25,1,0,1019.63,24.58,6
sensordata,1628317193000000000,100,210783,70.36,82.72,1,50.21,2,0,1019.49,22.83,5
sensordata,1628317200000000000,100,179336,70.54,25,1,25,1,0,1019.61,24.56,6
sensordata,1628317205000000000,100,210108,70.34,84.39,1,50.94,2,0,1019.53,22.83,5
sensordata,1628317212000000000,100,178381,70.6,26.69,1,25.73,1,0,1019.59,24.55,6
sensordata,1628317214000000000,100,209974,70.36,84.09,1,50.81,2,0,1019.51,22.83,5
sensordata,1628317221000000000,100,178571,70.61,27.24,1,25.98,1,0,1019.61,24.54,6
sensordata,1628317223000000000,100,209037,70.31,87.25,1,52.19,2,0,1019.49,22.82,5
sensordata,1628317230000000000,100,178381,70.64,27.35,1,26.03,1,0,1019.63,24.53,6
sensordata,1628317235000000000,100,209304,70.27,87.99,1,52.51,2,0,1019.51,22.82,5
sensordata,1628317242000000000,100,178953,70.72,26.28,1,25.56,1,0,1019.59,24.5,6
sensordata,1628317244000000000,100,210108,70.27,85.84,1,51.58,2,0,1019.49,22.82,5
sensordata,1628317251000000000,100,178953,70.73,25.89,1,25.39,1,0,1019.59,24.49,6
sensordata,1628317253000000000,100,210243,70.27,87.44,1,52.27,2,0,1019.51,22.82,5
sensordata,1628317260000000000,100,178762,70.76,27.58,1,26.12,1,0,1019.61,24.48,6
sensordata,1628317265000000000,100,209438,70.31,86.99,1,52.08,2,0,1019.49,22.82,5
sensordata,1628317272000000000,100,178381,70.8,29.75,1,27.07,1,0,1019.59,24.46,6
sensordata,1628317274000000000,100,208639,70.32,87.49,1,52.3,2,0,1019.51,22.81,5
sensordata,1628317281000000000,100,179721,70.85,27.77,1,26.21,1,0,1019.61,24.46,6
sensordata,1628317283000000000,100,209840,70.33,85.64,1,51.48,2,0,1019.51,22.81,5
sensordata,1628317290000000000,100,178191,70.93,30.35,1,27.33,1,0,1019.59,24.44,6
sensordata,1628317295000000000,100,210378,70.38,85.98,1,51.64,2,0,1019.51,22.81,5
sensordata,1628317302000000000,100,178953,71.01,28.59,1,26.57,1,0,1019.59,24.42,6
sensordata,1628317305000000000,100,209572,70.42,86.96,1,52.06,2,0,1019.49,22.81,5
sensordata,1628317311000000000,100,178191,71.06,31.16,1,27.69,1,0,1019.57,24.41,6
sensordata,1628317314000000000,100,210378,70.51,85.71,1,51.52,2,0,1019.51,22.81,5
sensordata,1628317320000000000,100,178571,71.11,30.34,1,27.33,1,0,1019.57,24.4,6
sensordata,1628317326000000000,100,208639,70.66,87.72,1,52.4,2,0,1019.51,22.81,5
sensordata,1628317332000000000,100,177436,71.22,32.82,1,28.41,1,0,1019.59,24.38,6
sensordata,1628317335000000000,100,208639,70.92,88.47,1,52.72,2,0,1019.53,22.81,5
sensordata,1628317341000000000,100,178571,71.25,30.7,1,27.49,1,0,1019.59,24.38,6
sensordata,1628317343000000000,100,208109,71.09,90.26,1,53.5,2,0,1019.49,22.81,5
sensordata,1628317348000000000,100,24498,71.32,25,0,25,59,0,1019.62,24.16,7
sensordata,1628317350000000000,100,178191,71.32,31.08,1,27.65,1,0,1019.59,24.36,6
sensordata,1628317356000000000,100,209304,71.29,87.58,1,52.33,2,0,1019.51,22.8,5
sensordata,1628317357000000000,100,24980,71.97,25,0,25,38,1,1019.6,24.19,7
sensordata,1628317362000000000,100,177625,71.43,35.51,1,29.59,1,0,1019.59,24.35,6
sensordata,1628317365000000000,100,208771,71.13,88.85,1,52.89,2,0,1019.49,22.81,5
sensordata,1628317366000000000,100,24657,74.92,25,0,25,6,1,1019.64,24.24,7
sensordata,1628317371000000000,100,177625,71.45,34.11,1,28.97,1,0,1019.57,24.34,6
sensordata,1628317374000000000,100,209705,70.98,85.6,1,51.47,2,0,1019.51,22.79,5
sensordata,1628317378000000000,100,25684,72.07,25,0,25,0,1,1019.58,24.3,7
sensordata,1628317380000000000,100,177813,71.5,32.65,1,28.34,1,1,1019.59,24.33,6
sensordata,1628317383000000000,100,207977,70.83,86.57,1,51.89,2,0,1019.51,22.79,5
sensordata,1628317387000000000,100,26280,72.11,25,0,25,0,1,1019.56,24.41,7
sensordata,1628317392000000000,100,177625,71.45,35.35,1,29.52,1,1,1019.59,24.32,6
sensordata,1628317395000000000,100,208506,70.73,84.48,1,50.98,2,0,1019.49,22.78,5
sensordata,1628317396000000000,100,26835,71.86,25,0,25,0,0,1019.56,24.5,7
sensordata,1628317401000000000,100,177436,71.4,33.76,1,28.82,1,0,1019.59,24.31,6
sensordata,1628317404000000000,100,209840,70.42,80.43,1,49.21,2,0,1019.53,22.77,5
sensordata,1628317408000000000,100,27889,71.42,25,0,25,0,0,1019.58,24.58,7
sensordata,1628317410000000000,100,177436,71.48,34.22,1,29.03,1,0,1019.59,24.31,6
sensordata,1628317413000000000,100,212146,70.25,76.56,1,47.52,2,0,1019.49,22.77,5
sensordata,1628317417000000000,100,28573,71.12,25,0,25,0,0,1019.56,24.63,7
sensordata,1628317422000000000,100,177436,71.62,34.51,1,29.15,1,0,1019.59,24.3,6
sensordata,1628317425000000000,100,212558,70,72.4,1,45.7,2,0,1019.49,22.76,5
sensordata,1628317426000000000,100,29292,70.99,25,0,25,0,0,1019.6,24.65,7
sensordata,1628317431000000000,100,176688,71.56,37.77,1,30.57,1,0,1019.59,24.28,6
sensordata,1628317434000000000,100,215773,69.66,63.66,1,41.89,2,0,1019.49,22.74,5
sensordata,1628317438000000000,100,30243,70.73,25,0,25,0,0,1019.6,24.68,7
sensordata,1628317440000000000,100,177625,71.37,35.71,1,29.67,1,0,1019.61,24.28,6
sensordata,1628317443000000000,100,215348,69.52,59.99,1,40.28,2,0,1019.49,22.74,5
sensordata,1628317447000000000,100,30844,70.65,25,0,25,0,0,1019.56,24.69,7
sensordata,1628317452000000000,100,177249,71.37,37.66,1,30.53,1,0,1019.61,24.27,6
sensordata,1628317455000000000,100,215632,69.33,59.32,1,39.99,2,0,1019.49,22.73,5
sensordata,1628317456000000000,100,31516,70.53,25,0,25,0,0,1019.58,24.7,7
sensordata,1628317461000000000,100,177436,71.44,37,1,30.24,1,0,1019.57,24.26,6
sensordata,1628317464000000000,100,218503,69.17,53.52,1,37.46,2,0,1019.51,22.71,5
sensordata,1628317468000000000,100,32393,70.52,25,0,25,0,0,1019.6,24.69,7
sensordata,1628317470000000000,100,177625,71.54,36.9,1,30.19,3,0,1019.57,24.25,6
sensordata,1628317473000000000,100,218941,69.15,49.69,1,35.78,2,0,1019.48,22.71,5
sensordata,1628317477000000000,100,33162,70.43,25,0,25,0,0,1019.56,24.69,7
sensordata,1628317482000000000,100,178953,71.72,33.08,1,28.52,1,1,1019.57,24.24,6
sensordata,1628317485000000000,100,219233,69.09,46.27,1,34.29,2,0,1019.48,22.69,5
sensordata,1628317486000000000,100,33750,70.37,25,0,25,0,0,1019.58,24.68,7
sensordata,1628317491000000000,100,177061,71.68,36.84,1,30.17,1,0,1019.57,24.23,6
sensordata,1628317494000000000,100,221005,68.98,46.08,1,34.2,2,0,1019.49,22.68,5
sensordata,1628317498000000000,100,34358,70.38,25,1,25,0,0,1019.56,24.67,7
sensordata,1628317500000000000,100,177813,71.66,37.8,1,30.59,1,0,1019.55,24.22,6
sensordata,1628317503000000000,100,221453,68.9,46.12,1,34.22,2,0,1019.46,22.67,5
sensordata,1628317507000000000,100,35195,70.38,2.95,1,15.36,0,0,1019.58,24.65,7
sensordata,1628317512000000000,100,178191,71.64,35.25,1,29.47,1,0,1019.55,24.21,6
sensordata,1628317515000000000,100,219087,68.81,44.16,1,33.37,2,0,1019.49,22.67,5
sensordata,1628317516000000000,100,36011,70.4,0,1,7.25,0,0,1019.52,24.63,7
sensordata,1628317521000000000,100,177625,71.38,35.66,1,29.65,1,0,1019.53,24.21,6
sensordata,1628317524000000000,100,221154,68.75,43.87,1,33.24,2,0,1019.49,22.66,5
sensordata,1628317528000000000,100,36449,70.37,0,1,1.55,0,0,1019.56,24.62,7
sensordata,1628317530000000000,100,178571,71.33,34.88,1,29.31,1,0,1019.55,24.2,6
sensordata,1628317533000000000,100,223870,68.48,39.63,1,31.39,2,0,1019.46,22.64,5
sensordata,1628317537000000000,100,37127,70.41,0,1,0,0,0,1019.54,24.6,7
sensordata,1628317542000000000,100,177813,71.32,34.39,1,29.1,1,0,1019.53,24.19,6
sensordata,1628317545000000000,100,221902,68.61,42.46,1,32.62,2,0,1019.44,22.63,5
sensordata,1628317546000000000,100,37865,70.43,0,1,0,0,0,1019.54,24.58,7
sensordata,1628317551000000000,100,179144,71.34,30.44,1,27.37,1,0,1019.53,24.19,6
sensordata,1628317554000000000,100,224483,68.43,35.78,1,29.71,2,0,1019.44,22.62,5
sensordata,1628317558000000000,100,38598,70.44,0,1,0,0,0,1019.54,24.57,7
sensordata,1628317560000000000,100,178381,71.42,32.31,1,28.19,1,0,1019.51,24.19,6
sensordata,1628317563000000000,100,223565,68.52,37.76,1,30.57,2,0,1019.4,22.61,5
sensordata,1628317567000000000,100,39470,70.54,0,1,0,0,0,1019.52,24.53,7
sensordata,1628317572000000000,100,178571,71.48,33.36,1,28.65,1,0,1019.49,24.18,6
sensordata,1628317575000000000,100,221154,68.85,42.16,1,32.49,2,0,1019.4,22.6,5
sensordata,1628317576000000000,100,39845,70.54,0,1,0,0,0,1019.52,24.52,7
sensordata,1628317581000000000,100,178571,71.41,35.81,1,29.72,1,0,1019.51,24.18,6
sensordata,1628317584000000000,100,223261,69.02,42.62,1,32.7,2,0,1019.42,22.6,5
sensordata,1628317588000000000,100,40499,70.56,0,1,0,0,0,1019.46,24.5,7
sensordata,1628317590000000000,100,178381,71.41,37.1,1,30.28,1,0,1019.49,24.17,6
sensordata,1628317593000000000,100,221752,69.15,46.36,1,34.33,2,0,1019.44,22.6,5
sensordata,1628317597000000000,100,41338,70.62,0,1,0,0,0,1019.48,24.48,7
sensordata,1628317602000000000,100,178953,71.37,35.12,1,29.42,1,0,1019.51,24.16,6
sensordata,1628317605000000000,100,217202,69.29,57.13,1,39.03,2,0,1019.4,22.59,5
sensordata,1628317606000000000,100,41959,70.64,0,1,0,0,0,1019.48,24.47,7
sensordata,1628317611000000000,100,178953,71.33,32.91,1,28.45,1,0,1019.51,24.15,6
sensordata,1628317614000000000,100,219233,69.35,61.03,1,40.74,2,0,1019.42,22.59,5
sensordata,1628317615000000000,100,42729,70.73,0,1,0,0,0,1019.52,24.45,7
sensordata,1628317620000000000,100,178381,71.3,34.45,1,29.13,0,0,1019.49,24.14,6
sensordata,1628317623000000000,100,216485,69.39,67.23,1,43.44,2,0,1019.4,22.59,5
sensordata,1628317627000000000,100,42948,70.78,0,1,0,0,0,1019.48,24.42,7
sensordata,1628317632000000000,100,179914,71.28,33.42,1,28.68,1,0,1019.49,24.14,6
sensordata,1628317635000000000,100,217202,69.52,66.93,1,43.31,2,0,1019.42,22.59,5
sensordata,1628317636000000000,100,43800,70.82,0,1,0,0,0,1019.48,24.4,7
sensordata,1628317641000000000,100,179528,71.22,31.22,1,27.71,1,0,1019.49,24.14,6
sensordata,1628317644000000000,100,215915,69.65,67.65,1,43.63,2,0,1019.42,22.58,5
sensordata,1628317645000000000,100,44357,70.83,0,1,0,0,0,1019.48,24.39,7
sensordata,1628317650000000000,100,180108,71.15,31.15,1,27.69,1,0,1019.51,24.14,6
sensordata,1628317653000000000,100,214925,69.65,78.7,1,48.46,2,0,1019.44,22.59,5
sensordata,1628317657000000000,100,45169,70.86,0,1,0,0,0,1019.48,24.37,7
sensordata,1628317659000000000,100,178762,71.19,33.1,1,28.54,1,0,1019.49,24.13,6
sensordata,1628317665000000000,100,213249,69.68,79.58,1,48.84,2,0,1019.42,22.59,5
sensordata,1628317666000000000,100,45761,70.87,0,1,0,0,0,1019.48,24.36,7
sensordata,1628317671000000000,100,179721,71.17,33.55,1,28.73,1,0,1019.47,24.13,6
sensordata,1628317674000000000,100,215207,69.84,79.17,1,48.66,2,0,1019.42,22.57,5
sensordata,1628317675000000000,100,46063,70.95,0,1,0,0,0,1019.48,24.34,7
sensordata,1628317680000000000,100,179336,71.19,32.46,1,28.25,1,0,1019.49,24.12,6
sensordata,1628317683000000000,100,215773,69.88,76.12,1,47.33,2,0,1019.42,22.58,5
sensordata,1628317687000000000,100,46887,70.98,0,1,0,0,0,1019.48,24.32,7
sensordata,1628317689000000000,100,180886,71.23,31.48,1,27.83,1,0,1019.51,24.11,6
sensordata,1628317695000000000,100,215773,69.92,80.16,1,49.09,2,0,1019.42,22.58,5
sensordata,1628317696000000000,100,46964,70.98,0,1,0,0,0,1019.46,24.31,7
sensordata,1628317701000000000,100,178953,71.23,33.99,1,28.93,1,0,1019.49,24.11,6
sensordata,1628317704000000000,100,214364,69.96,82.58,1,50.15,2,0,1019.42,22.58,5
sensordata,1628317705000000000,100,47443,71.02,0,1,0,0,0,1019.48,24.3,7
sensordata,1628317710000000000,100,178953,71.23,35.07,1,29.4,1,0,1019.49,24.11,6
sensordata,1628317714000000000,100,217202,70.2,76.62,1,47.55,2,0,1019.4,22.58,5
sensordata,1628317717000000000,100,48152,71.11,0,1,0,0,0,1019.48,24.28,7
sensordata,1628317719000000000,100,179721,71.23,35.7,1,29.67,1,0,1019.49,24.11,6
sensordata,1628317726000000000,100,214925,70.27,77.54,1,47.95,2,0,1019.4,22.58,5
sensordata,1628317727000000000,100,48571,71.13,0,1,0,0,0,1019.46,24.27,7
sensordata,1628317731000000000,100,180301,71.21,33.52,1,28.72,1,0,1019.45,24.1,6
sensordata,1628317735000000000,100,213666,70.43,81.68,1,49.76,2,0,1019.42,22.58,5
sensordata,1628317736000000000,100,49315,71.15,0,1,0,0,0,1019.48,24.26,7
sensordata,1628317740000000000,100,180496,71.14,32.32,1,28.19,1,0,1019.45,24.11,6
sensordata,1628317744000000000,100,212834,70.45,85.3,1,51.34,2,0,1019.42,22.58,5
sensordata,1628317748000000000,100,49902,71.21,0,1,0,0,0,1019.46,24.24,7
sensordata,1628317749000000000,100,179721,71.19,32.35,1,28.21,1,0,1019.45,24.1,6
sensordata,1628317753000000000,100,211190,70.52,89.84,1,53.32,2,0,1019.42,22.58,5
sensordata,1628317757000000000,100,50081,71.22,0,1,0,0,0,1019.43,24.23,7
sensordata,1628317761000000000,100,180690,71.34,32.72,1,28.37,1,0,1019.45,24.1,6
sensordata,1628317765000000000,100,214084,70.52,82.24,1,50,2,0,1019.42,22.58,5
sensordata,1628317766000000000,100,50626,71.28,0,1,0,0,0,1019.41,24.21,7
sensordata,1628317770000000000,100,179721,71.39,34,1,28.93,1,0,1019.45,24.09,6
sensordata,1628317774000000000,100,213527,70.53,85.23,1,51.31,2,0,1019.4,22.58,5
sensordata,1628317778000000000,100,51530,71.3,0,1,0,0,0,1019.44,24.2,7
sensordata,1628317779000000000,100,180690,71.43,32.69,1,28.36,1,0,1019.43,24.09,6
sensordata,1628317783000000000,100,209705,70.52,91.14,1,53.89,2,0,1019.4,22.58,5
sensordata,1628317787000000000,100,52010,71.32,0,1,0,0,0,1019.41,24.19,7
sensordata,1628317791000000000,100,178953,71.48,34.6,1,29.19,1,0,1019.45,24.1,6
sensordata,1628317795000000000,100,212696,70.5,84.55,1,51.01,2,0,1019.36,22.57,5
sensordata,1628317796000000000,100,52204,71.36,0,1,0,0,0,1019.43,24.18,7
sensordata,1628317800000000000,100,179721,71.6,35.05,1,29.39,1,0,1019.43,24.09,6
sensordata,1628317804000000000,100,209705,70.43,90.38,1,53.56,2,0,1019.38,22.58,5
sensordata,1628317808000000000,100,52863,71.4,0,1,0,0,0,1019.41,24.16,7
sensordata,1628317809000000000,100,179528,71.68,33.68,1,28.79,1,0,1019.43,24.08,6
sensordata,1628317813000000000,100,210108,70.46,91.63,1,54.1,2,0,1019.36,22.57,5
sensordata,1628317817000000000,100,53368,71.39,0,1,0,0,0,1019.44,24.16,7
sensordata,1628317822000000000,100,178571,71.65,37.53,1,30.47,1,0,1019.43,24.09,6
sensordata,1628317825000000000,100,211326,70.45,87.68,1,52.38,2,0,1019.4,22.58,5
sensordata,1628317826000000000,100,53573,71.42,0,1,0,0,0,1019.44,24.15,7
sensordata,1628317831000000000,100,179144,71.74,35.76,1,29.7,1,0,1019.43,24.08,6
sensordata,1628317834000000000,100,212283,70.42,90.63,1,53.67,2,0,1019.38,22.58,5
sensordata,1628317838000000000,100,54197,71.52,0,1,0,0,0,1019.41,24.13,7
sensordata,1628317840000000000,100,178571,71.76,38.06,1,30.7,1,0,1019.43,24.08,6
sensordata,1628317843000000000,100,211599,70.46,90.69,1,53.69,2,0,1019.38,22.58,5
sensordata,1628317846000000000,100,54444,71.48,0,1,0,0,0,1019.41,24.13,7
sensordata,1628317849000000000,100,36899,69.5,25,0,25,23,0,1019.1,23.95,8
sensordata,1628317851000000000,100,178191,71.77,39.72,1,31.43,1,0,1019.43,24.08,6
sensordata,1628317854000000000,100,213111,70.46,86.9,1,52.04,2,0,1019.36,22.58,5
sensordata,1628317855000000000,100,54944,71.53,0,1,0,0,0,1019.44,24.12,7
sensordata,1628317860000000000,100,178002,71.82,39.11,1,31.16,1,0,1019.45,24.07,6
sensordata,1628317861000000000,100,39175,69.48,25,0,25,24,0,1019.08,23.94,8
sensordata,1628317863000000000,100,212421,70.45,86.46,1,51.84,2,0,1019.36,22.58,5
sensordata,1628317867000000000,100,55453,71.56,0,1,0,0,0,1019.43,24.1,7
sensordata,1628317869000000000,100,177625,71.83,42.15,1,32.49,1,0,1019.43,24.07,6
sensordata,1628317870000000000,100,40539,69.61,25,0,25,7,1,1019.08,23.98,8
sensordata,1628317872000000000,100,211462,70.45,92.32,1,54.4,2,0,1019.36,22.58,5
sensordata,1628317876000000000,100,55674,71.6,0,1,0,0,0,1019.39,24.09,7
sensordata,1628317879000000000,100,41833,70.23,25,0,25,6,1,1019.14,24,8
sensordata,1628317881000000000,100,177436,71.87,42.43,1,32.61,1,0,1019.43,24.07,6
sensordata,1628317884000000000,100,213249,70.5,84.42,1,50.95,2,0,1019.36,22.58,5
sensordata,1628317885000000000,100,56235,71.55,0,1,0,0,0,1019.44,24.1,7
sensordata,1628317890000000000,100,177436,71.87,44.13,1,33.35,1,0,1019.43,24.07,6
sensordata,1628317891000000000,100,43169,71.02,25,0,25,1,1,1019.1,24.05,8
sensordata,1628317893000000000,100,210648,70.64,87.48,1,52.29,2,0,1019.38,22.58,5
sensordata,1628317897000000000,100,56923,71.59,0,1,0,0,1,1019.43,24.08,7
sensordata,1628317899000000000,100,176874,71.88,44.34,1,33.45,1,1,1019.43,24.07,6
sensordata,1628317900000000000,100,44831,70.61,25,0,25,0,1,1019.1,24.07,8
sensordata,1628317902000000000,100,211326,70.99,88.06,1,52.55,2,0,1019.36,22.58,5
sensordata,1628317906000000000,100,57156,71.6,0,1,0,0,1,1019.41,24.08,7
sensordata,1628317909000000000,100,45811,70.92,25,0,25,1,1,1019.06,24.12,8
sensordata,1628317911000000000,100,178002,71.94,39,1,31.11,1,1,1019.43,24.07,6
sensordata,1628317914000000000,100,211190,70.92,87.19,1,52.16,2,0,1019.36,22.58,5
sensordata,1628317915000000000,100,57352,71.73,0,1,0,0,0,1019.41,24.07,7
sensordata,1628317920000000000,100,178381,72.13,37.91,1,30.64,1,0,1019.43,24.06,6
sensordata,1628317921000000000,100,46471,72.13,25,0,25,0,1,1019.1,24.22,8
sensordata,1628317923000000000,100,210108,70.94,91.01,1,53.83,2,0,1019.36,22.58,5
sensordata,1628317927000000000,100,58028,71.9,0,1,0,0,0,1019.43,24.06,7
sensordata,1628317929000000000,100,177249,72.39,41.8,1,32.33,1,1,1019.43,24.06,6
sensordata,1628317930000000000,100,47123,72.3,25,0,25,0,0,1019.1,24.28,8
sensordata,1628317932000000000,100,206928,70.93,98.55,1,57.13,2,0,1019.36,22.58,5
sensordata,1628317936000000000,100,58148,71.97,0,1,0,0,0,1019.41,24.05,7
sensordata,1628317939000000000,100,48208,72.3,25,0,25,0,0,1019.08,24.32,8
sensordata,1628317941000000000,100,176874,72.42,41.67,1,32.28,1,0,1019.43,24.06,6
sensordata,1628317944000000000,100,208109,70.87,99.6,1,57.59,2,0,1019.34,22.59,5
sensordata,1628317945000000000,100,58351,71.98,0,1,0,0,0,1019.43,24.04,7
sensordata,1628317950000000000,100,176688,72.43,43.8,1,33.21,1,0,1019.43,24.06,6
sensordata,1628317951000000000,100,49344,72.21,25,0,25,0,0,1019.06,24.35,8
sensordata,1628317953000000000,100,209705,70.8,96.87,1,56.39,2,0,1019.36,22.59,5
sensordata,1628317957000000000,100,58884,71.98,0,1,0,0,0,1019.41,24.03,7
sensordata,1628317959000000000,100,176502,72.43,44.97,1,33.72,1,0,1019.43,24.05,6
sensordata,1628317960000000000,100,50626,72.2,25,0,25,0,0,1019.08,24.36,8
sensordata,1628317962000000000,100,206668,70.85,101.24,1,58.3,2,0,1019.36,22.59,5
sensordata,1628317966000000000,100,59176,71.97,0,1,0,0,0,1019.43,24.03,7
sensordata,1628317969000000000,100,51561,72.28,25,0,25,0,0,1019.06,24.36,8
sensordata,1628317971000000000,100,176502,72.43,47.06,1,34.63,1,0,1019.41,24.05,6
sensordata,1628317974000000000,100,208109,70.87,99.46,1,57.52,2,0,1019.34,22.59,5
sensordata,1628317975000000000,100,59597,72.04,0,1,0,0,0,1019.41,24.02,7
sensordata,1628317980000000000,100,174479,72.47,51.27,1,36.47,1,0,1019.41,24.05,6
sensordata,1628317981000000000,100,53131,72.27,25,0,25,0,0,1019.06,24.36,8
sensordata,1628317983000000000,100,209840,70.85,91.78,1,54.17,2,0,1019.34,22.59,5
sensordata,1628317987000000000,100,59852,72.08,0,1,0,0,0,1019.41,24.02,7
sensordata,1628317989000000000,100,176688,72.55,49.24,1,35.58,1,0,1019.41,24.04,6
sensordata,1628317990000000000,100,54303,72.21,25,0,25,0,0,1019.06,24.36,8
sensordata,1628317992000000000,100,208374,70.88,97.81,1,56.8,2,0,1019.36,22.59,5
sensordata,1628317996000000000,100,60153,72.08,0,1,0,0,0,1019.43,24.01,7
sensordata,1628317999000000000,100,55270,72.26,25,0,25,0,0,1019.06,24.35,8
sensordata,1628318001000000000,100,175945,72.58,49.06,1,35.51,1,0,1019.41,24.04,6
sensordata,1628318004000000000,100,207190,70.89,99.13,1,57.38,2,0,1019.34,22.59,5
sensordata,1628318006000000000,100,60720,72.11,0,1,0,0,0,1019.44,24,7
sensordata,1628318010000000000,100,175026,72.56,49.72,1,35.8,1,0,1019.41,24.05,6
sensordata,1628318011000000000,100,56807,72.42,25,1,25,0,0,1019.08,24.33,8
sensordata,1628318014000000000,100,207452,70.84,97.19,1,56.53,2,0,1019.36,22.59,5
sensordata,1628318018000000000,100,61208,72.1,0,1,0,0,0,1019.43,23.99,7
sensordata,1628318019000000000,100,175026,72.59,50.24,1,36.02,1,0,1019.43,24.04,6
sensordata,1628318020000000000,100,57589,72.38,7.89,1,17.52,0,0,1019.1,24.33,8
sensordata,1628318023000000000,100,206408,70.83,99.1,1,57.37,2,0,1019.38,22.59,5
sensordata,1628318027000000000,100,61388,72.05,0,1,0,0,0,1019.44,23.99,7
sensordata,1628318029000000000,100,58926,72.31,0,1,8.98,0,0,1019.08,24.31,8
sensordata,1628318031000000000,100,174479,72.62,51.28,1,36.48,1,0,1019.43,24.04,6
sensordata,1628318035000000000,100,210108,70.81,96.95,1,56.43,2,0,1019.34,22.59,5
sensordata,1628318036000000000,100,61614,72.09,0,1,0,0,0,1019.44,23.98,7
sensordata,1628318040000000000,100,174479,72.65,52.94,1,37.2,1,0,1019.43,24.03,6
sensordata,1628318041000000000,100,60370,72.4,0,1,0,0,0,1019.08,24.28,8
sensordata,1628318044000000000,100,207977,70.79,98.4,1,57.06,2,0,1019.32,22.59,5
sensordata,1628318048000000000,100,62162,72.06,0,1,0,0,0,1019.44,23.98,7
sensordata,1628318049000000000,100,174479,72.65,54.64,1,37.94,1,0,1019.41,24.03,6
sensordata,1628318050000000000,100,61343,72.45,0,1,0,0,0,1019.12,24.28,8
sensordata,1628318053000000000,100,206278,70.8,103.15,1,59.13,2,0,1019.36,22.59,5
sensordata,1628318057000000000,100,62487,72.04,0,1,0,0,0,1019.37,23.98,7
sensordata,1628318059000000000,100,62534,72.64,0,1,0,0,0,1019.08,24.25,8
sensordata,1628318061000000000,100,175209,72.66,53.64,1,37.51,1,0,1019.45,24.03,6
sensordata,1628318065000000000,100,209705,71.01,95.62,1,55.85,2,0,1019.38,22.6,5
sensordata,1628318066000000000,100,62674,72.13,0,1,0,0,0,1019.41,23.96,7
sensordata,1628318070000000000,100,175945,72.69,50.31,1,36.05,1,0,1019.45,24.03,6
sensordata,1628318071000000000,100,63918,72.66,0,1,0,0,0,1019.1,24.23,8
sensordata,1628318074000000000,100,205503,71.08,102.35,1,58.78,2,0,1019.38,22.6,5
sensordata,1628318078000000000,100,63147,72.12,0,1,0,0,0,1019.41,23.96,7
sensordata,1628318080000000000,100,64858,72.61,0,1,0,0,0,1019.12,24.22,8
sensordata,1628318080000000000,100,174479,72.7,52.8,1,37.14,1,0,1019.41,24.03,6
sensordata,1628318083000000000,100,208771,71.21,99.41,1,57.5,2,0,1019.38,22.6,5
sensordata,1628318087000000000,100,63530,72.11,0,1,0,0,0,1019.43,23.96,7
sensordata,1628318089000000000,100,65723,72.7,0,1,0,0,0,1019.12,24.2,8
sensordata,1628318092000000000,100,175209,72.71,52.46,1,36.99,1,0,1019.41,24.03,6
sensordata,1628318095000000000,100,208374,71.35,98.32,1,57.03,2,0,1019.38,22.6,5
sensordata,1628318096000000000,100,63578,72.12,0,1,0,0,0,1019.41,23.95,7
sensordata,1628318101000000000,100,175209,72.71,51.78,1,36.69,1,0,1019.45,24.03,6
sensordata,1628318101000000000,100,66612,72.9,0,1,0,0,0,1019.08,24.19,8
sensordata,1628318104000000000,100,205503,71.73,103.99,1,59.5,2,0,1019.38,22.6,5
sensordata,1628318105000000000,100,63820,72.17,0,1,0,0,0,1019.41,23.94,7
sensordata,1628318110000000000,100,67634,73.16,0,1,0,0,0,1019.08,24.16,8
sensordata,1628318110000000000,100,174116,72.74,51.66,1,36.64,1,0,1019.43,24.03,6
sensordata,1628318113000000000,100,206408,71.76,104.53,1,59.74,2,0,1019.38,22.6,5
sensordata,1628318117000000000,100,64261,72.13,0,1,0,0,0,1019.43,23.94,7
sensordata,1628318119000000000,100,68296,73.33,0,1,0,0,0,1019.1,24.15,8
sensordata,1628318122000000000,100,174843,72.79,52.56,1,37.04,1,0,1019.43,24.02,6
sensordata,1628318125000000000,100,208241,71.66,98.35,1,57.04,2,0,1019.38,22.6,5
sensordata,1628318126000000000,100,64360,72.16,0,1,0,0,0,1019.41,23.93,7
sensordata,1628318131000000000,100,174479,72.8,54.3,1,37.8,1,0,1019.43,24.02,6
sensordata,1628318132000000000,100,68801,73.46,0,1,0,0,0,1019.08,24.14,8
sensordata,1628318134000000000,100,207452,71.51,97.4,1,56.62,2,0,1019.38,22.6,5
sensordata,1628318134000000000,100,63291,70.99,25,0,25,56,0,1019.28,24.05,9
sensordata,1628318135000000000,100,64858,72.17,0,1,0,0,0,1019.41,23.93,7
sensordata,1628318140000000000,100,174116,72.77,55.45,1,38.3,1,0,1019.45,24.03,6
sensordata,1628318141000000000,100,70009,73.71,0,1,0,0,0,1019.1,24.11,8
sensordata,1628318143000000000,100,65271,71.02,25,0,25,55,0,1019.28,24.02,9
sensordata,1628318143000000000,100,209304,71.39,93.56,1,54.95,2,0,1019.36,22.59,5
sensordata,1628318147000000000,100,65110,72.18,0,1,0,0,0,1019.44,23.93,7
sensordata,1628318150000000000,100,70658,73.87,0,1,0,0,0,1019.1,24.1,8
sensordata,1628318152000000000,100,173575,72.79,59.58,1,40.1,1,0,1019.43,24.03,6
sensordata,1628318155000000000,100,210919,71.27,88.58,1,52.77,2,0,1019.38,22.59,5
sensordata,1628318155000000000,100,66626,71.24,25,0,25,39,1,1019.26,24.05,9
sensordata,1628318156000000000,100,65161,72.21,0,1,0,0,0,1019.43,23.92,7
sensordata,1628318161000000000,100,174298,72.73,54.44,1,37.86,1,0,1019.43,24.03,6
sensordata,1628318162000000000,100,70898,73.99,0,1,0,0,0,1019.12,24.08,8
sensordata,1628318164000000000,100,67708,71.54,25,0,25,17,0,1019.3,24.1,9
sensordata,1628318164000000000,100,210243,70.88,87.05,1,52.1,2,0,1019.36,22.59,5
sensordata,1628318165000000000,100,65723,72.19,0,1,0,0,0,1019.44,23.92,7
sensordata,1628318170000000000,100,173936,72.78,56.61,1,38.8,1,0,1019.45,24.02,6
sensordata,1628318171000000000,100,72682,73.85,0,1,0,0,0,1019.12,24.06,8
sensordata,1628318173000000000,100,208639,70.79,86.85,1,52.01,2,0,1019.38,22.59,5
sensordata,1628318173000000000,100,69571,70.39,25,0,25,0,1,1019.3,24.04,9
sensordata,1628318177000000000,100,65930,72.23,0,1,0,0,0,1019.43,23.91,7
sensordata,1628318179000000000,100,175209,72.88,53.83,1,37.59,1,1,1019.45,24.01,6
sensordata,1628318180000000000,100,73318,73.72,0,1,0,0,0,1019.12,24.05,8
sensordata,1628318185000000000,100,71295,71.68,25,0,25,0,0,1019.26,24.06,9
sensordata,1628318185000000000,100,209438,70.93,83.78,1,50.67,2,0,1019.38,22.58,5
sensordata,1628318186000000000,100,66086,72.25,0,1,0,0,0,1019.41,23.9,7
sensordata,1628318191000000000,100,175577,72.87,53.72,1,37.54,1,0,1019.45,24.01,6
sensordata,1628318192000000000,100,74228,73.63,0,1,0,0,1,1019.1,24.03,8
sensordata,1628318194000000000,100,212009,70.85,81.6,1,49.72,2,0,1019.36,22.57,5
sensordata,1628318194000000000,100,71971,73.36,25,0,25,0,1,1019.26,24.12,9
sensordata,1628318195000000000,100,66348,72.24,0,1,0,0,0,1019.43,23.9,7
sensordata,1628318200000000000,100,174843,72.87,53.83,1,37.59,1,0,1019.43,24.01,6
sensordata,1628318201000000000,100,75296,73.68,0,1,0,0,0,1019.12,24.01,8
sensordata,1628318203000000000,100,71601,73.49,25,0,25,44,0,1019.22,24.21,9
sensordata,1628318203000000000,100,213805,70.45,75,1,46.84,2,0,1019.38,22.56,5
sensordata,1628318208000000000,100,66665,72.24,0,1,0,0,0,1019.41,23.9,7
sensordata,1628318209000000000,100,175393,73.01,51.38,1,36.52,1,0,1019.43,24,6
sensordata,1628318210000000000,100,75910,73.81,0,1,0,0,0,1019.1,24,8
sensordata,1628318215000000000,100,212696,69.95,78.74,1,48.47,2,0,1019.38,22.56,5
sensordata,1628318215000000000,100,73042,73.26,25,0,25,0,1,1019.22,24.3,9
sensordata,1628318217000000000,100,66718,72.25,0,1,0,0,0,1019.44,23.9,7
sensordata,1628318219000000000,100,76815,74.33,0,1,0,0,1,1019.12,23.98,8
sensordata,1628318221000000000,100,174479,72.99,52.8,1,37.14,0,1,1019.43,23.99,6
sensordata,1628318224000000000,100,74080,73.2,25,0,25,0,0,1019.22,24.34,9
sensordata,1628318224000000000,100,211462,69.99,77.32,1,47.85,2,0,1019.38,22.56,5
sensordata,1628318226000000000,100,67308,72.3,0,1,0,0,0,1019.39,23.89,7
sensordata,1628318230000000000,100,174116,72.71,53.69,1,37.53,1,0,1019.45,24,6
sensordata,1628318231000000000,100,77240,74.38,0,1,0,0,0,1019.08,23.97,8
sensordata,1628318233000000000,100,216771,69.92,67.02,1,43.35,2,0,1019.38,22.55,5
sensordata,1628318233000000000,100,74743,73.14,25,0,25,0,0,1019.22,24.37,9
sensordata,1628318238000000000,100,67525,72.29,0,1,0,0,0,1019.41,23.89,7
sensordata,1628318239000000000,100,175577,72.89,49.87,1,35.86,1,0,1019.43,23.99,6
sensordata,1628318240000000000,100,78032,74.32,0,1,0,0,0,1019.12,23.96,8
sensordata,1628318245000000000,100,76386,73.09,25,0,25,0,0,1019.2,24.4,9
sensordata,1628318245000000000,100,215066,69.9,69.61,1,44.48,2,0,1019.38,22.54,5
sensordata,1628318247000000000,100,67798,72.35,0,1,0,0,0,1019.43,23.88,7
sensordata,1628318249000000000,100,78692,74.32,0,1,0,0,0,1019.1,23.95,8
sensordata,1628318251000000000,100,175209,72.92,48.69,1,35.34,1,0,1019.45,24,6
sensordata,1628318254000000000,100,217058,69.67,64.39,1,42.2,2,0,1019.36,22.53,5
sensordata,1628318254000000000,100,77163,73.11,25,0,25,0,0,1019.24,24.4,9
sensordata,1628318256000000000,100,68019,72.33,0,1,0,0,0,1019.41,23.88,7
sensordata,1628318260000000000,100,173755,72.94,54.24,1,37.77,1,0,1019.45,23.99,6
sensordata,1628318261000000000,100,79893,74.43,0,1,0,0,0,1019.1,23.93,8
sensordata,1628318263000000000,100,78691,73.11,25,0,25,0,0,1019.24,24.4,9
sensordata,1628318263000000000,100,214504,69.55,70.46,1,44.86,2,0,1019.4,22.52,5
sensordata,1628318268000000000,100,68352,72.37,0,1,0,0,0,1019.43,23.88,7
sensordata,1628318269000000000,100,173755,72.88,56.64,1,38.82,1,0,1019.47,23.99,6
sensordata,1628318270000000000,100,80276,74.47,0,1,0,0,0,1019.1,23.92,8
sensordata,1628318272000000000,100,215915,69.45,67.17,1,43.42,2,0,1019.38,22.52,5
sensordata,1628318275000000000,100,79896,73.18,25,0,25,0,0,1019.2,24.39,9
sensordata,1628318277000000000,100,68463,72.41,0,1,0,0,0,1019.41,23.87,7
sensordata,1628318279000000000,100,81289,74.38,0,1,0,0,0,1019.08,23.92,8
sensordata,1628318281000000000,100,173755,72.77,57.1,1,39.02,1,0,1019.43,23.99,6
sensordata,1628318284000000000,100,81061,73.19,21.05,1,23.27,0,0,1019.22,24.38,9
sensordata,1628318284000000000,100,217923,69.32,61.88,1,41.11,2,0,1019.38,22.5,5
sensordata,1628318286000000000,100,68857,72.41,0,1,0,0,0,1019.41,23.87,7
sensordata,1628318290000000000,100,174116,72.74,56.47,1,38.74,1,0,1019.43,23.99,6
sensordata,1628318291000000000,100,82247,74.33,0,1,0,0,0,1019.08,23.9,8
sensordata,1628318293000000000,100,219527,69.08,55.29,1,38.23,2,0,1019.38,22.49,5
sensordata,1628318293000000000,100,82017,73.24,10.15,1,18.51,0,0,1019.2,24.37,9
sensordata,1628318298000000000,100,68801,72.42,0,1,0,0,0,1019.41,23.86,7
sensordata,1628318299000000000,100,175209,72.59,53.61,1,37.49,1,0,1019.43,23.98,6
sensordata,1628318300000000000,100,82816,74.28,0,1,0,0,0,1019.06,23.89,8
sensordata,1628318302000000000,100,222806,69.16,50.5,1,36.14,2,0,1019.38,22.49,5
sensordata,1628318305000000000,100,83830,73.32,0,1,11.14,0,0,1019.18,24.35,9
sensordata,1628318307000000000,100,68744,72.43,0,1,0,0,0,1019.41,23.86,7
sensordata,1628318309000000000,100,83559,74.24,0,1,0,0,0,1019.1,23.88,8
sensordata,1628318311000000000,100,174661,72.37,53.69,1,37.53,1,0,1019.43,23.97,6
sensordata,1628318314000000000,100,84681,73.35,0,1,6.29,0,0,1019.2,24.34,9
sensordata,1628318314000000000,100,221902,69.02,49.39,1,35.65,2,0,1019.38,22.48,5
sensordata,1628318316000000000,100,69486,72.4,0,1,0,0,0,1019.37,23.86,7
sensordata,1628318320000000000,100,175209,72.28,51.34,1,36.5,1,0,1019.43,23.98,6
sensordata,1628318321000000000,100,85174,74.16,0,1,0,0,0,1019.06,23.88,8
sensordata,1628318323000000000,100,223565,68.97,47.27,1,34.72,2,0,1019.38,22.48,5
sensordata,1628318323000000000,100,85461,73.41,0,1,1.74,0,0,1019.2,24.32,9
sensordata,1628318328000000000,100,69371,72.42,0,1,0,0,0,1019.39,23.86,7
sensordata,1628318329000000000,100,175026,72.36,52.04,1,36.81,1,0,1019.41,23.97,6
sensordata,1628318330000000000,100,85174,74.24,0,1,0,0,0,1019.08,23.86,8
sensordata,1628318333000000000,100,221602,69.38,44.88,1,33.68,2,0,1019.38,22.47,5
sensordata,1628318335000000000,100,87157,73.47,0,1,0,0,0,1019.2,24.3,9
sensordata,1628318337000000000,100,69601,72.41,0,1,0,0,0,1019.41,23.86,7
sensordata,1628318339000000000,100,85961,74.28,0,1,0,0,0,1019.06,23.85,8
sensordata,1628318341000000000,100,175026,72.36,52.59,1,37.05,1,0,1019.39,23.97,6
sensordata,1628318344000000000,100,88170,73.57,0,1,0,0,0,1019.2,24.28,9
sensordata,1628318345000000000,100,216914,69.74,56.11,1,38.59,2,0,1019.38,22.47,5
sensordata,1628318346000000000,100,70421,72.45,0,1,0,0,0,1019.39,23.85,7
sensordata,1628318350000000000,100,174298,72.35,56.33,1,38.68,1,0,1019.41,23.96,6
sensordata,1628318351000000000,100,86404,74.45,0,1,0,0,0,1019.06,23.85,8
sensordata,1628318353000000000,100,88922,73.65,0,1,0,0,0,1019.2,24.26,9
sensordata,1628318354000000000,100,217923,69.84,58.82,1,39.77,2,0,1019.38,22.47,5
sensordata,1628318355000000000,100,70362,72.42,0,1,0,0,0,1019.39,23.85,7
sensordata,1628318359000000000,100,176130,72.26,51.8,1,36.71,1,0,1019.41,23.96,6
sensordata,1628318360000000000,100,87305,74.58,0,1,0,0,0,1019.06,23.84,8
sensordata,1628318363000000000,100,216914,69.92,66.11,1,42.95,2,0,1019.38,22.46,5
sensordata,1628318365000000000,100,90367,73.74,0,1,0,0,0,1019.18,24.23,9
sensordata,1628318367000000000,100,70480,72.42,0,1,0,0,0,1019.39,23.85,7
sensordata,1628318369000000000,100,87396,74.7,0,1,0,0,0,1019.08,23.83,8
sensordata,1628318371000000000,100,175761,72.15,50.68,1,36.21,1,0,1019.41,23.97,6
sensordata,1628318374000000000,100,91256,73.77,0,1,0,0,0,1019.17,24.21,9
sensordata,1628318375000000000,100,218795,69.99,69,1,44.22,2,0,1019.38,22.46,5
sensordata,1628318376000000000,100,70718,72.46,0,1,0,0,0,1019.39,23.84,7
sensordata,1628318381000000000,100,177061,72.11,46.74,1,34.49,1,0,1019.39,23.96,6
sensordata,1628318381000000000,100,87855,74.74,0,1,0,0,0,1019.06,23.82,8
sensordata,1628318383000000000,100,92573,73.82,0,1,0,0,0,1019.18,24.2,9
sensordata,1628318384000000000,100,216342,70.1,69.38,1,44.38,2,0,1019.34,22.46,5
sensordata,1628318385000000000,100,70958,72.45,0,1,0,0,0,1019.39,23.84,7
sensordata,1628318390000000000,100,88504,74.67,0,1,0,0,0,1019.06,23.81,8
sensordata,1628318390000000000,100,175209,72.1,50.16,1,35.99,1,0,1019.39,23.96,6
sensordata,1628318393000000000,100,216342,70.16,73.34,1,46.11,2,0,1019.36,22.46,5
sensordata,1628318395000000000,100,93822,73.91,0,1,0,0,0,1019.17,24.17,9
sensordata,1628318397000000000,100,70898,72.46,0,1,0,0,0,1019.37,23.83,7
sensordata,1628318399000000000,100,89069,74.58,0,1,0,0,0,1019.08,23.8,8
sensordata,1628318402000000000,100,177813,72.06,47.45,1,34.81,1,0,1019.41,23.96,6